doi,clientId,publicationYear,resourceType,title,publisher,isPublisher,haveCreatorAffiliation,haveContributorAffiliation,isLatestVersion,isConceptDoi,createdAt,updatedAt,inDataCite,inOpenAire,openAireBestAccessRight,openAireIndicatorsDownloads,openAireIndicatorsViews,clientName,clientType
10.13140/rg.2.1.1470.3525,rg.rg,2015,article,The effect of optimizing engine control on fuel consumption and roll amplitude in ocean-going vessels: An experimental study,University of Skövde,1,0,0,1,0,2015-05-19T12:45:11Z,2020-08-19T19:49:51Z,1,,,,,ResearchGate,repository
10.13140/rg.2.2.23052.51846,rg.rg,2017,Text,SemCheck - Script for the Case Studies,"University of Skövde, Sweden",1,0,0,1,0,2017-03-20T11:45:17Z,2020-09-18T19:21:48Z,1,,,,,ResearchGate,repository
10.5061/dryad.g335f,dryad.dryad,2018,Dataset,Data from: Expression profiling of human pluripotent stem cell-derived cardiomyocytes exposed to doxorubicin—integration and visualization of multi-omics data,Dryad,0,1,0,1,0,2018-01-18T15:12:02Z,2025-07-22T05:21:11Z,1,1,OPEN,3,9,DRYAD,repository
10.5281/zenodo.2596791,cern.zenodo,2019,Text,Significant Things &amp; Significant Use - A self report study on objects of experiences with things,Zenodo,0,1,0,1,0,2019-03-17T23:09:40Z,2020-07-29T06:43:16Z,1,,,,,Zenodo,repository
10.5281/zenodo.2596790,cern.zenodo,2019,Text,Significant Things &amp; Significant Use - A self report study on objects of experiences with things,Zenodo,0,1,0,0,1,2019-03-17T23:09:41Z,2020-07-29T06:43:17Z,1,,,,,Zenodo,repository
10.5281/zenodo.2619733,cern.zenodo,2019,Text,Causes of Emotive Response to Artefacts,Zenodo,0,1,0,1,0,2019-04-01T00:22:48Z,2020-07-29T07:08:54Z,1,,,,,Zenodo,repository
10.5281/zenodo.2619732,cern.zenodo,2019,Text,Causes of Emotive Response to Artefacts,Zenodo,0,1,0,0,0,2019-04-01T00:22:49Z,2020-07-29T07:08:54Z,1,,,,,Zenodo,repository
10.5281/zenodo.3253437,cern.zenodo,2019,Text,A COMPARATIVE EVALUATION OF THE GPU VS. THE CPU FOR PARALLELIZATION OF EVOLUTIONARY ALGORITHMS THROUGH MULTIPLE INDEPENDENT RUNS,Zenodo,0,1,0,1,0,2019-06-24T06:11:04Z,2020-07-29T18:33:35Z,1,,,,,Zenodo,repository
10.5281/zenodo.3253436,cern.zenodo,2019,Text,A COMPARATIVE EVALUATION OF THE GPU VS. THE CPU FOR PARALLELIZATION OF EVOLUTIONARY ALGORITHMS THROUGH MULTIPLE INDEPENDENT RUNS,Zenodo,0,1,0,0,1,2019-06-24T06:11:05Z,2020-07-29T18:33:35Z,1,,,,,Zenodo,repository
10.5281/zenodo.3556678,cern.zenodo,2019,Text,CEUR-WS.org: Open-Access as a Community Effort,Zenodo,0,1,0,1,0,2019-11-28T15:45:14Z,2020-07-30T09:35:08Z,1,,,,,Zenodo,repository
10.5281/zenodo.3556677,cern.zenodo,2019,Text,CEUR-WS.org: Open-Access as a Community Effort,Zenodo,0,1,0,0,0,2019-11-28T15:45:15Z,2020-07-30T09:35:08Z,1,,,,,Zenodo,repository
10.5061/dryad.np5hqbzq1,dryad.dryad,2020,Dataset,"Data on three Baltic species of Corynosoma Lühe, 1905 (Acanthocephala: Polymorphidae) from Baltic grey (Halichoerus grypus) and ringed seals (Pusa hispida)",Dryad,0,1,0,1,0,2020-04-15T18:44:20Z,2025-07-22T15:34:35Z,1,1,OPEN,1,3,DRYAD,repository
10.5878/5g3c-q312,snd.snd,2020,Dataset,The DREAM Dataset: Behavioural data from robot enhanced therapies for children with autism spectrum disorder,University of Skövde,1,1,0,0,1,2020-07-23T08:16:33Z,2025-09-22T10:21:21Z,1,1,OPEN,,,Swedish National Data Service,repository
10.5878/17p8-6k13,snd.snd,2020,Dataset,The DREAM Dataset: Behavioural data from robot enhanced therapies for children with autism spectrum disorder,University of Skövde,1,1,0,1,0,2020-07-23T08:16:35Z,2025-09-22T08:47:31Z,1,1,OPEN,,,Swedish National Data Service,repository
10.5061/dryad.hqbzkh1fc,dryad.dryad,2021,Dataset,Alignments from: Gene count from target sequence capture places three whole genome duplication events in Hibiscus L. (Malvaceae),Dryad,0,1,0,1,0,2021-01-18T15:49:52Z,2025-07-22T20:23:54Z,1,1,OPEN,0,3,DRYAD,repository
10.5281/zenodo.4902175,cern.zenodo,2021,Text,Crowdsourcing Long COVID Sweden (CiLC-S): Exploring Digital Methods and Voluntary Health Data for Research and Response in Social Crises,Zenodo,0,1,0,1,0,2021-06-04T22:38:53Z,2022-11-13T19:22:38Z,1,,,,,Zenodo,repository
10.5281/zenodo.4902174,cern.zenodo,2022,Text,Crowdsourcing Long COVID Sweden (CiLC-S): Exploring Digital Methods and Voluntary Health Data for Research and Response in Social Crises,Zenodo,0,1,0,0,1,2021-06-04T22:38:56Z,2022-11-13T19:22:39Z,1,,,,,Zenodo,repository
10.5878/15xq-8e51,snd.snd,2021,Dataset,Survey data from a survey about cybersecurity training and usability of security functions,University of Skövde,1,1,0,0,1,2021-06-29T07:51:30Z,2025-09-22T10:14:16Z,1,1,RESTRICTED,,,Swedish National Data Service,repository
10.5878/pv4m-s237,snd.snd,2021,Dataset,Survey data from a survey about cybersecurity training and usability of security functions,University of Skövde,1,1,0,1,0,2021-06-29T07:51:32Z,2025-09-22T08:50:27Z,1,1,,,,Swedish National Data Service,repository
10.5281/zenodo.5551873,cern.zenodo,2021,JournalArticle,A Comparative Evaluation of the GPU vs The CPU for Parallelization of Evolutionary Algorithms Through Multiple Independent Runs,Zenodo,0,1,0,1,0,2021-10-06T06:04:46Z,2021-10-06T06:04:47Z,1,,,,,Zenodo,repository
10.5281/zenodo.5551872,cern.zenodo,2021,JournalArticle,A Comparative Evaluation of the GPU vs The CPU for Parallelization of Evolutionary Algorithms Through Multiple Independent Runs,Zenodo,0,1,0,0,0,2021-10-06T06:04:48Z,2021-10-06T06:04:48Z,1,,,,,Zenodo,repository
10.5878/12vq-sc20,snd.snd,2021,Dataset,"Data of winter weight from different subspecies of honey bee Apis mellifera colonies (Linnaeus, 1758) in southwestern Sweden",University of Skövde,1,1,0,0,1,2021-10-14T08:07:11Z,2025-09-22T10:00:16Z,1,1,OPEN,,,Swedish National Data Service,repository
10.5878/987y-d292,snd.snd,2021,Dataset,"Data of winter weight from different subspecies of honey bee Apis mellifera colonies (Linnaeus, 1758) in southwestern Sweden",University of Skövde,1,1,0,1,0,2021-10-14T08:07:12Z,2025-09-22T08:48:56Z,1,1,,,,Swedish National Data Service,repository
10.48448/g2kd-mw81,undsci.oopmau,2020,Audiovisual,Benchmarks for evaluating human-robot interaction: Lessons learned from human-animal interactions,Underline Science Inc.,0,1,0,1,0,2022-01-04T19:03:00Z,2022-01-04T19:03:00Z,1,,,,,Underline Science Inc.,repository
10.5281/zenodo.5897603,cern.zenodo,2022,Software,SCORER,Zenodo,0,1,0,1,0,2022-01-24T12:43:52Z,2022-11-13T15:09:10Z,1,,,,,Zenodo,repository
10.5281/zenodo.5897602,cern.zenodo,2022,Software,SCORER,Zenodo,0,1,0,0,1,2022-01-24T12:43:54Z,2022-11-13T15:09:10Z,1,,,,,Zenodo,repository
10.5878/15ms-tj23,snd.snd,2022,Dataset,Comparison of different training methods impact on users ability to detect phishing,University of Skövde,1,1,1,0,1,2022-02-18T08:54:25Z,2025-09-22T10:26:45Z,1,1,OPEN,,,Swedish National Data Service,repository
10.5878/g6d9-7210,snd.snd,2022,Dataset,Comparison of different training methods impact on users ability to detect phishing,University of Skövde,1,1,1,1,0,2022-02-18T08:54:27Z,2025-09-22T08:45:06Z,1,1,,,,Swedish National Data Service,repository
10.6084/m9.figshare.c.5943105,figshare.ars,2022,Collection,Independent and joint effects of body mass index and metabolic health in mid- and late-life on all-cause mortality: a cohort study from the Swedish Twin Registry with a mean follow-up of 13 Years,figshare,0,1,0,1,0,2022-04-12T08:43:01Z,2024-03-23T08:42:16Z,1,1,OPEN,,,figshare Academic Research System,repository
10.6084/m9.figshare.c.5943105.v1,figshare.ars,2022,Collection,Independent and joint effects of body mass index and metabolic health in mid- and late-life on all-cause mortality: a cohort study from the Swedish Twin Registry with a mean follow-up of 13 Years,figshare,0,1,0,1,0,2022-04-12T08:43:01Z,2024-03-23T08:42:17Z,1,1,OPEN,,,figshare Academic Research System,repository
10.6084/m9.figshare.19582362,figshare.ars,2022,Text,Additional file 1 of Independent and joint effects of body mass index and metabolic health in mid- and late-life on all-cause mortality: a cohort study from the Swedish Twin Registry with a mean follow-up of 13 Years,figshare,0,1,0,1,0,2022-04-12T08:45:01Z,2024-02-13T13:39:47Z,1,,,,,figshare Academic Research System,repository
10.6084/m9.figshare.19582362.v1,figshare.ars,2022,Text,Additional file 1 of Independent and joint effects of body mass index and metabolic health in mid- and late-life on all-cause mortality: a cohort study from the Swedish Twin Registry with a mean follow-up of 13 Years,figshare,0,1,0,1,0,2022-04-12T08:45:01Z,2024-02-13T13:39:50Z,1,,,,,figshare Academic Research System,repository
10.6084/m9.figshare.c.5949781,figshare.ars,2022,Collection,Sterile water injections for relief of labour pain (the SATURN trial): study protocol for a randomised controlled trial,figshare,0,1,0,1,0,2022-04-15T08:19:01Z,2024-03-23T08:45:33Z,1,1,OPEN,,,figshare Academic Research System,repository
10.6084/m9.figshare.c.5949781.v1,figshare.ars,2022,Collection,Sterile water injections for relief of labour pain (the SATURN trial): study protocol for a randomised controlled trial,figshare,0,1,0,1,0,2022-04-15T08:19:01Z,2024-03-23T08:45:34Z,1,1,OPEN,,,figshare Academic Research System,repository
10.6084/m9.figshare.19603459,figshare.ars,2022,Text,Additional file 1 of Sterile water injections for relief of labour pain (the SATURN trial): study protocol for a randomised controlled trial,figshare,0,1,0,1,0,2022-04-15T08:19:49Z,2024-02-13T16:19:01Z,1,,,,,figshare Academic Research System,repository
10.6084/m9.figshare.19603459.v1,figshare.ars,2022,Text,Additional file 1 of Sterile water injections for relief of labour pain (the SATURN trial): study protocol for a randomised controlled trial,figshare,0,1,0,1,0,2022-04-15T08:19:49Z,2024-02-13T16:19:01Z,1,,,,,figshare Academic Research System,repository
10.6084/m9.figshare.19603462,figshare.ars,2022,Text,Additional file 2 of Sterile water injections for relief of labour pain (the SATURN trial): study protocol for a randomised controlled trial,figshare,0,1,0,1,0,2022-04-15T08:19:50Z,2024-02-13T16:19:03Z,1,,,,,figshare Academic Research System,repository
10.6084/m9.figshare.19603462.v1,figshare.ars,2022,Text,Additional file 2 of Sterile water injections for relief of labour pain (the SATURN trial): study protocol for a randomised controlled trial,figshare,0,1,0,1,0,2022-04-15T08:19:50Z,2024-02-13T16:59:02Z,1,,,,,figshare Academic Research System,repository
10.6084/m9.figshare.c.5958706,figshare.ars,2022,Collection,Changed health behavior improves subjective well-being and vice versa in a follow-up of 9 years,figshare,0,1,0,1,0,2022-04-22T07:51:43Z,2022-04-22T07:51:46Z,1,1,OPEN,,,figshare Academic Research System,repository
10.6084/m9.figshare.c.5958706.v1,figshare.ars,2022,Collection,Changed health behavior improves subjective well-being and vice versa in a follow-up of 9 years,figshare,0,1,0,1,0,2022-04-22T07:51:44Z,2022-04-22T07:51:48Z,1,1,OPEN,,,figshare Academic Research System,repository
10.6084/m9.figshare.19634782,figshare.ars,2022,Text,Additional file 1 of Changed health behavior improves subjective well-being and vice versa in a follow-up of 9 years,figshare,0,1,0,1,0,2022-04-22T07:52:17Z,2022-04-22T07:52:21Z,1,,,,,figshare Academic Research System,repository
10.6084/m9.figshare.19634782.v1,figshare.ars,2022,Text,Additional file 1 of Changed health behavior improves subjective well-being and vice versa in a follow-up of 9 years,figshare,0,1,0,1,0,2022-04-22T07:52:17Z,2022-04-22T07:52:21Z,1,,,,,figshare Academic Research System,repository
10.6084/m9.figshare.19681706,figshare.ars,2022,Text,Additional file 1 of Work-related stress and future sick leave in a working population seeking care at primary health care centres: a prospective longitudinal study using the WSQ,figshare,0,1,0,1,0,2022-04-29T07:39:15Z,2022-04-29T07:39:18Z,1,,,,,figshare Academic Research System,repository
10.6084/m9.figshare.19681706.v1,figshare.ars,2022,Text,Additional file 1 of Work-related stress and future sick leave in a working population seeking care at primary health care centres: a prospective longitudinal study using the WSQ,figshare,0,1,0,1,0,2022-04-29T07:39:16Z,2022-04-29T07:39:18Z,1,,,,,figshare Academic Research System,repository
10.6084/m9.figshare.c.5972033,figshare.ars,2022,Collection,Work-related stress and future sick leave in a working population seeking care at primary health care centres: a prospective longitudinal study using the WSQ,figshare,0,1,0,1,0,2022-04-29T07:39:16Z,2022-04-29T07:39:18Z,1,1,OPEN,,,figshare Academic Research System,repository
10.6084/m9.figshare.c.5972033.v1,figshare.ars,2022,Collection,Work-related stress and future sick leave in a working population seeking care at primary health care centres: a prospective longitudinal study using the WSQ,figshare,0,1,0,1,0,2022-04-29T07:39:16Z,2022-04-29T07:39:19Z,1,1,OPEN,,,figshare Academic Research System,repository
10.6084/m9.figshare.c.6078556,figshare.ars,2022,Collection,The role of the home health care physician in mobile integrated care: a qualitative phenomenograpic study,figshare,0,1,0,1,0,2022-07-05T03:23:25Z,2022-07-05T03:23:28Z,1,1,OPEN,,,figshare Academic Research System,repository
10.6084/m9.figshare.c.6078556.v1,figshare.ars,2022,Collection,The role of the home health care physician in mobile integrated care: a qualitative phenomenograpic study,figshare,0,1,0,1,0,2022-07-05T03:23:25Z,2022-07-05T03:23:28Z,1,1,OPEN,,,figshare Academic Research System,repository
10.6084/m9.figshare.20224807,figshare.ars,2022,Text,Additional file 1 of The role of the home health care physician in mobile integrated care: a qualitative phenomenograpic study,figshare,0,1,0,1,0,2022-07-05T03:24:35Z,2022-07-05T03:24:37Z,1,,,,,figshare Academic Research System,repository
10.6084/m9.figshare.20224807.v1,figshare.ars,2022,Text,Additional file 1 of The role of the home health care physician in mobile integrated care: a qualitative phenomenograpic study,figshare,0,1,0,1,0,2022-07-05T03:24:35Z,2022-07-05T03:24:37Z,1,,,,,figshare Academic Research System,repository
10.6084/m9.figshare.20562709,figshare.ars,2022,Dataset,Using Video Footage for Observing Honey Bee Behaviour at Hive Entrances,Taylor & Francis,0,1,0,1,0,2022-08-23T18:01:16Z,2022-11-01T15:20:40Z,1,1,OPEN,,,figshare Academic Research System,repository
10.6084/m9.figshare.20562709.v1,figshare.ars,2022,Dataset,Using Video Footage for Observing Honey Bee Behaviour at Hive Entrances,Taylor & Francis,0,1,0,1,0,2022-08-23T18:01:16Z,2022-11-01T15:20:40Z,1,1,OPEN,,,figshare Academic Research System,repository
10.5281/zenodo.7273621,cern.zenodo,2022,Other,"Survey questionnaire: Health impacts and information needs in ""long-COVID""",Zenodo,0,1,0,1,0,2022-11-02T10:07:36Z,2022-11-13T18:53:42Z,1,,,,,Zenodo,repository
10.5281/zenodo.7273620,cern.zenodo,2022,Other,"Survey questionnaire: Health impacts and information needs in ""long-COVID""",Zenodo,0,1,0,0,1,2022-11-02T10:07:37Z,2022-11-13T18:53:42Z,1,,,,,Zenodo,repository
10.5281/zenodo.7316922,cern.zenodo,2022,Software,SCORER,Zenodo,0,1,0,1,0,2022-11-13T15:09:08Z,2022-11-13T15:09:10Z,1,,,,,Zenodo,repository
10.5281/zenodo.7316950,cern.zenodo,2022,Other,"Survey questionnaire: Health impacts and information needs in ""long-COVID""",Zenodo,0,1,0,1,0,2022-11-13T15:39:26Z,2022-11-13T18:53:42Z,1,,,,,Zenodo,repository
10.5281/zenodo.7317123,cern.zenodo,2022,Other,"Survey questionnaire: Health impacts and information needs in ""long-COVID""",Zenodo,0,1,0,1,0,2022-11-13T18:53:40Z,2022-11-13T18:53:42Z,1,,,,,Zenodo,repository
10.5281/zenodo.7317176,cern.zenodo,2022,Text,Crowdsourcing Long COVID Sweden (CiLC-S): Exploring Digital Methods and Voluntary Health Data for Research and Response in Social Crises,Zenodo,0,1,0,1,0,2022-11-13T19:22:37Z,2022-11-13T19:22:39Z,1,,,,,Zenodo,repository
10.5878/1nvc-v140,snd.snd,2022,Dataset,Population dynamics in greenhouse experiments of aphids and their predators,Swedish University of Agricultural Sciences,0,0,1,0,1,2022-11-23T06:48:22Z,2025-09-22T10:36:24Z,1,,,,,Swedish National Data Service,repository
10.5878/26hx-xy41,snd.snd,2022,Dataset,Population dynamics in greenhouse experiments of aphids and their predators,Swedish University of Agricultural Sciences,0,0,1,1,0,2022-11-23T06:48:23Z,2025-09-22T09:31:14Z,1,,,,,Swedish National Data Service,repository
10.5061/dryad.59zw3r2cs,dryad.dryad,2023,Dataset,Food webs coupled in space: Consumer foraging movement affects both stocks and fluxes,Dryad,0,1,0,1,0,2023-04-11T19:43:45Z,2025-07-23T08:13:48Z,1,1,OPEN,0,2,DRYAD,repository
10.5281/zenodo.7796629,cern.zenodo,2023,Software,Food webs coupled in space: Consumer foraging movement affects both stocks and fluxes,Zenodo,0,1,0,1,0,2023-04-11T19:44:22Z,2023-04-11T19:44:22Z,1,,,,,Zenodo,repository
10.5281/zenodo.7796628,cern.zenodo,2023,Software,Food webs coupled in space: Consumer foraging movement affects both stocks and fluxes,Zenodo,0,1,0,0,0,2023-04-11T19:44:23Z,2023-04-11T19:44:23Z,1,,,,,Zenodo,repository
10.6084/m9.figshare.22608436,figshare.ars,2023,Text,Additional file 1 of Benchmarking of two bioinformatic workflows for the analysis of whole-genome sequenced Staphylococcus aureus collected from patients with suspected sepsis,figshare,0,1,0,1,0,2023-04-13T11:25:36Z,2023-04-13T11:25:38Z,1,,,,,figshare Academic Research System,repository
10.6084/m9.figshare.22608436.v1,figshare.ars,2023,Text,Additional file 1 of Benchmarking of two bioinformatic workflows for the analysis of whole-genome sequenced Staphylococcus aureus collected from patients with suspected sepsis,figshare,0,1,0,1,0,2023-04-13T11:25:36Z,2023-04-13T11:25:38Z,1,,,,,figshare Academic Research System,repository
10.6084/m9.figshare.22608439,figshare.ars,2023,Text,Additional file 2 of Benchmarking of two bioinformatic workflows for the analysis of whole-genome sequenced Staphylococcus aureus collected from patients with suspected sepsis,figshare,0,1,0,1,0,2023-04-13T11:25:37Z,2023-04-13T11:25:39Z,1,,,,,figshare Academic Research System,repository
10.6084/m9.figshare.22608439.v1,figshare.ars,2023,Text,Additional file 2 of Benchmarking of two bioinformatic workflows for the analysis of whole-genome sequenced Staphylococcus aureus collected from patients with suspected sepsis,figshare,0,1,0,1,0,2023-04-13T11:25:37Z,2023-04-13T11:25:39Z,1,,,,,figshare Academic Research System,repository
10.6084/m9.figshare.c.6582913,figshare.ars,2023,Collection,Benchmarking of two bioinformatic workflows for the analysis of whole-genome sequenced Staphylococcus aureus collected from patients with suspected sepsis,figshare,0,1,0,1,0,2023-04-13T11:25:39Z,2023-04-13T11:25:40Z,1,1,OPEN,,,figshare Academic Research System,repository
10.6084/m9.figshare.c.6582913.v1,figshare.ars,2023,Collection,Benchmarking of two bioinformatic workflows for the analysis of whole-genome sequenced Staphylococcus aureus collected from patients with suspected sepsis,figshare,0,1,0,1,0,2023-04-13T11:25:39Z,2023-04-13T11:25:40Z,1,1,OPEN,,,figshare Academic Research System,repository
10.6084/m9.figshare.c.6583948,figshare.ars,2023,Collection,Longitudinal association of childhood physical activity and physical fitness with physical activity in adolescence: insights from the IDEFICS/I.Family study,figshare,0,1,0,1,0,2023-04-13T11:38:10Z,2023-04-13T11:38:11Z,1,1,OPEN,,,figshare Academic Research System,repository
10.6084/m9.figshare.c.6583948.v1,figshare.ars,2023,Collection,Longitudinal association of childhood physical activity and physical fitness with physical activity in adolescence: insights from the IDEFICS/I.Family study,figshare,0,1,0,1,0,2023-04-13T11:38:11Z,2023-04-13T11:38:12Z,1,1,OPEN,,,figshare Academic Research System,repository
10.6084/m9.figshare.22609624,figshare.ars,2023,Text,Additional file 1 of Longitudinal association of childhood physical activity and physical fitness with physical activity in adolescence: insights from the IDEFICS/I.Family study,figshare,0,1,0,1,0,2023-04-13T11:38:19Z,2023-04-13T11:38:21Z,1,,,,,figshare Academic Research System,repository
10.6084/m9.figshare.22609624.v1,figshare.ars,2023,Text,Additional file 1 of Longitudinal association of childhood physical activity and physical fitness with physical activity in adolescence: insights from the IDEFICS/I.Family study,figshare,0,1,0,1,0,2023-04-13T11:38:19Z,2023-04-13T11:38:21Z,1,,,,,figshare Academic Research System,repository
10.5281/zenodo.8132159,cern.zenodo,2023,Software,APM: Initial Release,Zenodo,0,1,0,1,0,2023-07-10T16:06:39Z,2023-07-12T18:38:47Z,1,,,,,Zenodo,repository
10.5878/gat9-m562,snd.snd,2023,Dataset,Virtual simulation of an assembly sequence,University of Skövde,1,1,0,1,0,2023-08-01T07:21:41Z,2025-09-22T08:39:17Z,1,1,,,,Swedish National Data Service,repository
10.5878/5v54-sk08,snd.snd,2023,Dataset,Virtual simulation of an assembly sequence,University of Skövde,1,1,0,0,1,2023-08-01T07:21:42Z,2025-09-22T10:02:28Z,1,1,OPEN,,,Swedish National Data Service,repository
10.5878/q68h-a144,snd.snd,2023,Dataset,Thermography analysis of cluster movement of different honey bee (Apis mellifera) subspecies during two Swedish winters,University of Skövde,1,1,1,0,0,2023-11-23T09:55:56Z,2025-09-22T10:04:22Z,1,1,OPEN,,,Swedish National Data Service,repository
10.5281/zenodo.10159439,cern.zenodo,2023,Software,"Code and data for ""A framework for analysing biodiversity capacity at landscape level and identify areas of high ecological importance""",Zenodo,0,1,1,0,0,2023-11-23T14:06:21Z,2023-12-01T16:32:55Z,1,,,,,Zenodo,repository
10.5281/zenodo.10159440,cern.zenodo,2023,Software,"Code and data for ""A framework for analysing biodiversity capacity at landscape level and identify areas of high ecological importance""",Zenodo,0,1,1,1,0,2023-11-23T14:06:22Z,2023-12-01T16:32:55Z,1,,,,,Zenodo,repository
10.6084/m9.figshare.25107767,figshare.ars,2024,Dataset,Additional file 1 of Identification of biomarker candidates for exfoliative glaucoma from autoimmunity profiling,figshare,0,1,0,1,0,2024-01-30T05:16:33Z,2024-01-30T05:16:35Z,1,,,,,figshare Academic Research System,repository
10.6084/m9.figshare.25107767.v1,figshare.ars,2024,Dataset,Additional file 1 of Identification of biomarker candidates for exfoliative glaucoma from autoimmunity profiling,figshare,0,1,0,1,0,2024-01-30T05:16:33Z,2024-01-30T05:16:36Z,1,,,,,figshare Academic Research System,repository
10.6084/m9.figshare.25107770,figshare.ars,2024,Text,Additional file 2 of Identification of biomarker candidates for exfoliative glaucoma from autoimmunity profiling,figshare,0,1,0,1,0,2024-01-30T05:16:34Z,2024-01-30T05:16:36Z,1,,,,,figshare Academic Research System,repository
10.6084/m9.figshare.25107770.v1,figshare.ars,2024,Text,Additional file 2 of Identification of biomarker candidates for exfoliative glaucoma from autoimmunity profiling,figshare,0,1,0,1,0,2024-01-30T05:16:34Z,2024-01-30T05:16:36Z,1,,,,,figshare Academic Research System,repository
10.6084/m9.figshare.25107773,figshare.ars,2024,Text,Additional file 3 of Identification of biomarker candidates for exfoliative glaucoma from autoimmunity profiling,figshare,0,1,0,1,0,2024-01-30T05:16:34Z,2024-01-30T05:16:36Z,1,,,,,figshare Academic Research System,repository
10.6084/m9.figshare.25107773.v1,figshare.ars,2024,Text,Additional file 3 of Identification of biomarker candidates for exfoliative glaucoma from autoimmunity profiling,figshare,0,1,0,1,0,2024-01-30T05:16:35Z,2024-01-30T05:16:36Z,1,,,,,figshare Academic Research System,repository
10.6084/m9.figshare.c.7049141,figshare.ars,2024,Collection,Identification of biomarker candidates for exfoliative glaucoma from autoimmunity profiling,figshare,0,1,0,1,0,2024-01-30T05:16:35Z,2024-01-30T05:16:36Z,1,,,,,figshare Academic Research System,repository
10.6084/m9.figshare.c.7049141.v1,figshare.ars,2024,Collection,Identification of biomarker candidates for exfoliative glaucoma from autoimmunity profiling,figshare,0,1,0,1,0,2024-01-30T05:16:36Z,2024-01-30T05:16:37Z,1,,,,,figshare Academic Research System,repository
10.5061/dryad.sxksn0392,dryad.dryad,2024,Dataset,Data from: A new mechanistic model for individual growth suggests upregulated maintenance costs when food is scarce in an insect,Dryad,0,1,0,1,0,2024-02-06T08:42:11Z,2025-07-23T11:51:16Z,1,1,OPEN,,,DRYAD,repository
10.5878/pyvm-re24,snd.snd,2024,Dataset,Supplemental Material for: Comparison of drone ecology and behavior between Apis mellifera mellifera and the hybrid Buckfast in southwestern Sweden.,University of Skövde,1,1,1,1,0,2024-02-14T15:13:55Z,2025-09-22T09:45:08Z,1,1,OPEN,,,Swedish National Data Service,repository
10.5878/teqt-b729,snd.snd,2024,Dataset,Supplemental Material for: Comparison of drone ecology and behavior between Apis mellifera mellifera and the hybrid Buckfast in southwestern Sweden.,University of Skövde,1,1,1,0,1,2024-02-14T15:13:57Z,2025-09-22T09:56:59Z,1,1,OPEN,,,Swedish National Data Service,repository
10.6084/m9.figshare.25237326,figshare.ars,2024,Text,"Additional file 1 of ”It´s like walking in a bubble”, nursing students´ perspectives on age suit simulation in a home environment – group interviews from reflection seminars",figshare,0,1,0,1,0,2024-02-17T04:40:21Z,2024-02-17T04:40:23Z,1,,,,,figshare Academic Research System,repository
10.6084/m9.figshare.25237326.v1,figshare.ars,2024,Text,"Additional file 1 of ”It´s like walking in a bubble”, nursing students´ perspectives on age suit simulation in a home environment – group interviews from reflection seminars",figshare,0,1,0,1,0,2024-02-17T04:40:23Z,2024-02-17T04:40:51Z,1,,,,,figshare Academic Research System,repository
10.6084/m9.figshare.c.7079079,figshare.ars,2024,Collection,"”It´s like walking in a bubble”, nursing students´ perspectives on age suit simulation in a home environment – group interviews from reflection seminars",figshare,0,1,0,1,0,2024-02-17T04:40:24Z,2024-02-17T04:40:26Z,1,,,,,figshare Academic Research System,repository
10.6084/m9.figshare.c.7079079.v1,figshare.ars,2024,Collection,"”It´s like walking in a bubble”, nursing students´ perspectives on age suit simulation in a home environment – group interviews from reflection seminars",figshare,0,1,0,1,0,2024-02-17T04:40:24Z,2024-02-17T04:40:30Z,1,,,,,figshare Academic Research System,repository
10.5445/ir/1000166399,tib.kit,2007,Text,Word Reordering in Statistical Machine Translation with a POS-Based Distortion Model,University of Skövde,1,0,0,1,0,2024-02-22T14:46:10Z,2024-02-22T14:46:11Z,1,,,,,KITopen,repository
10.5281/zenodo.11210133,cern.zenodo,2024,Dataset,Genomic surveillance of Enterococcus faecalis in South Africa,Zenodo,0,1,0,0,1,2024-05-18T14:29:38Z,2024-05-19T04:15:07Z,1,1,,,,Zenodo,repository
10.5281/zenodo.11210134,cern.zenodo,2024,Dataset,Genomic surveillance of Enterococcus faecalis in South Africa,Zenodo,0,1,0,1,0,2024-05-18T14:29:38Z,2024-05-19T04:15:07Z,1,1,,,,Zenodo,repository
10.60692/4cyj2-gdb80,iapx.bsycxq,2021,Text,"Data from a pooled post hoc analysis of 14 placebo-controlled, dapagliflozin treatment studies in patients with type 2 diabetes with and without anemia at baseline",OpenAlex,0,1,0,1,0,2024-06-12T12:55:17Z,2024-06-12T12:55:17Z,1,,,,,Greater South Information System,repository
10.60692/57tq9-qps93,iapx.bsycxq,2021,Text,"Data from a pooled post hoc analysis of 14 placebo-controlled, dapagliflozin treatment studies in patients with type 2 diabetes with and without anemia at baseline",OpenAlex,0,1,0,0,0,2024-06-12T12:55:17Z,2024-06-12T12:55:17Z,1,,,,,Greater South Information System,repository
10.60692/bt6dj-7e063,iapx.bsycxq,2020,Text,Bi-allelic GAD1 variants cause a neonatal onset syndromic developmental and epileptic encephalopathy,OpenAlex,0,1,0,1,0,2024-06-13T12:29:36Z,2024-06-13T12:29:36Z,1,,,,,Greater South Information System,repository
10.60692/jf1n9-16z42,iapx.bsycxq,2020,Text,Bi-allelic GAD1 variants cause a neonatal onset syndromic developmental and epileptic encephalopathy,OpenAlex,0,1,0,0,0,2024-06-13T12:29:36Z,2024-06-13T12:29:37Z,1,,,,,Greater South Information System,repository
10.60692/2ec5h-yzn24,iapx.bsycxq,2016,Text,Role of Silicon Counteracting Cadmium Toxicity in Alfalfa (Medicago sativa L.),OpenAlex,0,1,0,1,0,2024-06-20T05:42:30Z,2024-06-22T17:54:33Z,1,,,,,Greater South Information System,repository
10.60692/d8k8j-bma49,iapx.bsycxq,2016,Text,Role of Silicon Counteracting Cadmium Toxicity in Alfalfa (Medicago sativa L.),OpenAlex,0,1,0,0,1,2024-06-20T05:42:30Z,2024-06-22T17:54:33Z,1,,,,,Greater South Information System,repository
10.60692/kgnsr-6nv51,iapx.bsycxq,2011,Text,Dose-response relationship between arsenic exposure and the serum enzymes for liver function tests in the individuals exposed to arsenic: a cross sectional study in Bangladesh,OpenAlex,0,1,0,1,0,2024-06-20T05:52:16Z,2024-06-22T17:49:16Z,1,,,,,Greater South Information System,repository
10.60692/1p4rf-v6w14,iapx.bsycxq,2011,Text,Dose-response relationship between arsenic exposure and the serum enzymes for liver function tests in the individuals exposed to arsenic: a cross sectional study in Bangladesh,OpenAlex,0,1,0,0,1,2024-06-20T05:52:17Z,2024-06-22T17:49:16Z,1,,,,,Greater South Information System,repository
10.60692/fetcc-szb11,iapx.bsycxq,2010,Text,Association between arsenic exposure and plasma cholinesterase activity: a population based study in Bangladesh,OpenAlex,0,1,0,1,0,2024-06-20T06:47:25Z,2024-06-22T18:01:13Z,1,,,,,Greater South Information System,repository
10.60692/fkfb7-5yc09,iapx.bsycxq,2010,Text,Association between arsenic exposure and plasma cholinesterase activity: a population based study in Bangladesh,OpenAlex,0,1,0,0,1,2024-06-20T06:47:25Z,2024-06-22T18:01:13Z,1,,,,,Greater South Information System,repository
10.60692/mrjj3-2ee13,iapx.bsycxq,2015,Text,Elevated concentrations of serum matrix metalloproteinase-2 and -9 and their associations with circulating markers of cardiovascular diseases in chronic arsenic-exposed individuals,OpenAlex,0,1,0,0,1,2024-06-20T06:50:05Z,2024-06-23T19:05:04Z,1,,,,,Greater South Information System,repository
10.60692/ta4np-rv431,iapx.bsycxq,2015,Text,Elevated concentrations of serum matrix metalloproteinase-2 and -9 and their associations with circulating markers of cardiovascular diseases in chronic arsenic-exposed individuals,OpenAlex,0,1,0,1,0,2024-06-20T06:50:05Z,2024-06-23T19:05:04Z,1,,,,,Greater South Information System,repository
10.60692/8djb3-z7g98,iapx.bsycxq,2019,Text,A fuzzy logic approach to influence maximization in social networks,OpenAlex,0,1,0,1,0,2024-06-21T02:27:22Z,2024-06-23T01:28:03Z,1,,,,,Greater South Information System,repository
10.60692/h6rs5-wmh21,iapx.bsycxq,2019,Text,A fuzzy logic approach to influence maximization in social networks,OpenAlex,0,1,0,0,1,2024-06-21T02:27:22Z,2024-06-23T01:28:03Z,1,,,,,Greater South Information System,repository
10.5281/zenodo.12588810,cern.zenodo,2024,Dataset,Human-Robot Interaction Conversational User Enjoyment Scale (HRI CUES) Dataset - Anonymized,Zenodo,0,1,0,1,0,2024-06-29T21:36:58Z,2024-06-29T21:37:00Z,1,1,,,,Zenodo,repository
10.5281/zenodo.12588809,cern.zenodo,2024,Dataset,Human-Robot Interaction Conversational User Enjoyment Scale (HRI CUES) Dataset - Anonymized,Zenodo,0,1,0,0,1,2024-06-29T21:36:59Z,2024-06-29T21:37:00Z,1,1,,,,Zenodo,repository
10.60692/e1bag-b7e73,iapx.bsycxq,2020,Text,An urban Blitz with a twist: rapid biodiversity assessment using aquatic environmental DNA,OpenAlex,0,1,0,0,1,2024-07-02T20:08:32Z,2024-07-02T20:08:33Z,1,,,,,Greater South Information System,repository
10.60692/mpgsh-1f743,iapx.bsycxq,2020,Text,An urban Blitz with a twist: rapid biodiversity assessment using aquatic environmental DNA,OpenAlex,0,1,0,1,0,2024-07-02T20:08:32Z,2024-07-02T20:08:33Z,1,,,,,Greater South Information System,repository
10.60692/2ydbn-p2w91,iapx.bsycxq,2017,Text,Relationship between Cognitive and Sleep–wake Variables in Asymptomatic Offspring of Patients with Late-onset Alzheimer's Disease,OpenAlex,0,1,0,1,0,2024-07-18T08:11:01Z,2024-07-18T08:11:02Z,1,,,,,Greater South Information System,repository
10.60692/afp5b-m8809,iapx.bsycxq,2017,Text,Relationship between Cognitive and Sleep–wake Variables in Asymptomatic Offspring of Patients with Late-onset Alzheimer's Disease,OpenAlex,0,1,0,0,1,2024-07-18T08:11:01Z,2024-07-18T08:11:02Z,1,,,,,Greater South Information System,repository
10.60692/61yx8-web97,iapx.bsycxq,2018,Text,Population genetics of benzimidazole-resistant Haemonchus contortus and Haemonchus placei from buffalo and cattle: implications for the emergence and spread of resistance mutations,OpenAlex,0,1,0,0,1,2024-07-23T06:31:37Z,2024-07-23T06:31:38Z,1,,,,,Greater South Information System,repository
10.60692/nyr8a-m1942,iapx.bsycxq,2018,Text,Population genetics of benzimidazole-resistant Haemonchus contortus and Haemonchus placei from buffalo and cattle: implications for the emergence and spread of resistance mutations,OpenAlex,0,1,0,1,0,2024-07-23T06:31:37Z,2024-07-23T06:31:38Z,1,,,,,Greater South Information System,repository
10.60692/ajq5h-dd526,iapx.bsycxq,2023,Text,Biallelic MED27 variants lead to variable ponto-cerebello-lental degeneration with movement disorders,OpenAlex,0,1,0,0,1,2024-07-23T20:48:09Z,2024-07-23T20:48:40Z,1,,,,,Greater South Information System,repository
10.60692/dd0ph-sbh37,iapx.bsycxq,2023,Text,Biallelic MED27 variants lead to variable ponto-cerebello-lental degeneration with movement disorders,OpenAlex,0,1,0,1,0,2024-07-23T20:48:09Z,2024-07-23T20:48:40Z,1,,,,,Greater South Information System,repository
10.5878/dkn3-cx19,snd.snd,2024,Dataset,Data for: Ecological comparison of native (Apis mellifera mellifera) and hybrid (Buckfast) honeybee drones in southwestern Sweden indicates local adaptation.,University of Skövde,1,1,0,1,0,2024-08-02T11:45:50Z,2025-09-22T08:46:16Z,1,1,OPEN,,,Swedish National Data Service,repository
10.5878/045g-2228,snd.snd,2024,Dataset,Data for: Ecological comparison of native (Apis mellifera mellifera) and hybrid (Buckfast) honeybee drones in southwestern Sweden indicates local adaptation.,University of Skövde,1,1,0,0,1,2024-08-02T11:45:51Z,2025-09-22T10:04:18Z,1,1,OPEN,,,Swedish National Data Service,repository
10.6084/m9.figshare.26639623,figshare.ars,2024,Text,Additional file 1 of Nursing students’ attitudes towards the use of digital technology in the healthcare of older adults- a cross-sectional study in Norway and Sweden,figshare,0,1,0,1,0,2024-08-14T06:34:58Z,2024-08-17T03:04:41Z,1,,,,,figshare Academic Research System,repository
10.6084/m9.figshare.26639623.v1,figshare.ars,2024,Text,Additional file 1 of Nursing students’ attitudes towards the use of digital technology in the healthcare of older adults- a cross-sectional study in Norway and Sweden,figshare,0,1,0,1,0,2024-08-14T06:34:58Z,2024-08-17T03:04:37Z,1,,,,,figshare Academic Research System,repository
10.6084/m9.figshare.c.6930857,figshare.ars,2024,Collection,Nursing students’ attitudes towards the use of digital technology in the healthcare of older adults- a cross-sectional study in Norway and Sweden,figshare,0,1,0,1,0,2024-08-14T06:34:58Z,2024-08-14T06:34:59Z,1,1,OPEN,,,figshare Academic Research System,repository
10.6084/m9.figshare.c.6930857.v1,figshare.ars,2024,Collection,Nursing students’ attitudes towards the use of digital technology in the healthcare of older adults- a cross-sectional study in Norway and Sweden,figshare,0,1,0,1,0,2024-08-14T06:34:58Z,2024-08-14T06:34:59Z,1,1,OPEN,,,figshare Academic Research System,repository
10.6084/m9.figshare.26645284,figshare.ars,2024,Text,Additional file 1 of The association between adolescents’ self-esteem and perceived mental well-being in Sweden in four years of follow-up,figshare,0,1,0,1,0,2024-08-14T08:04:15Z,2024-08-14T08:04:16Z,1,,,,,figshare Academic Research System,repository
10.6084/m9.figshare.26645284.v1,figshare.ars,2024,Text,Additional file 1 of The association between adolescents’ self-esteem and perceived mental well-being in Sweden in four years of follow-up,figshare,0,1,0,1,0,2024-08-14T08:04:15Z,2024-08-14T08:04:16Z,1,,,,,figshare Academic Research System,repository
10.6084/m9.figshare.c.6948051,figshare.ars,2024,Collection,The association between adolescents’ self-esteem and perceived mental well-being in Sweden in four years of follow-up,figshare,0,1,0,1,0,2024-08-14T08:04:16Z,2024-08-14T08:04:17Z,1,1,OPEN,,,figshare Academic Research System,repository
10.6084/m9.figshare.c.6948051.v1,figshare.ars,2024,Collection,The association between adolescents’ self-esteem and perceived mental well-being in Sweden in four years of follow-up,figshare,0,1,0,1,0,2024-08-14T08:04:16Z,2024-08-14T08:04:17Z,1,1,OPEN,,,figshare Academic Research System,repository
10.6084/m9.figshare.26678294.v1,figshare.ars,2024,Text,Additional file 1 of Impacts on oral health attitude and knowledge after completing a digital training module among Swedish healthcare professionals working with older adults,figshare,0,1,0,1,0,2024-08-14T21:33:23Z,2024-08-14T21:33:25Z,1,,,,,figshare Academic Research System,repository
10.6084/m9.figshare.26678294,figshare.ars,2024,Text,Additional file 1 of Impacts on oral health attitude and knowledge after completing a digital training module among Swedish healthcare professionals working with older adults,figshare,0,1,0,1,0,2024-08-14T21:33:24Z,2024-08-14T21:33:24Z,1,,,,,figshare Academic Research System,repository
10.6084/m9.figshare.c.7065084,figshare.ars,2024,Collection,Impacts on oral health attitude and knowledge after completing a digital training module among Swedish healthcare professionals working with older adults,figshare,0,1,0,1,0,2024-08-14T21:33:24Z,2024-08-14T21:33:25Z,1,1,OPEN,,,figshare Academic Research System,repository
10.6084/m9.figshare.c.7065084.v1,figshare.ars,2024,Collection,Impacts on oral health attitude and knowledge after completing a digital training module among Swedish healthcare professionals working with older adults,figshare,0,1,0,1,0,2024-08-14T21:33:24Z,2024-08-14T21:33:25Z,1,1,OPEN,,,figshare Academic Research System,repository
10.6084/m9.figshare.26709899,figshare.ars,2024,Text,Additional file 1 of Clusters of lifestyle behavioral risk factors and their associations with depressive symptoms and stress: evidence from students at a university in Finland,figshare,0,1,0,1,0,2024-08-15T07:09:59Z,2024-08-15T07:10:00Z,1,,,,,figshare Academic Research System,repository
10.6084/m9.figshare.26709899.v1,figshare.ars,2024,Text,Additional file 1 of Clusters of lifestyle behavioral risk factors and their associations with depressive symptoms and stress: evidence from students at a university in Finland,figshare,0,1,0,1,0,2024-08-15T07:09:59Z,2024-08-15T07:10:00Z,1,,,,,figshare Academic Research System,repository
10.6084/m9.figshare.c.7195227,figshare.ars,2024,Collection,Clusters of lifestyle behavioral risk factors and their associations with depressive symptoms and stress: evidence from students at a university in Finland,figshare,0,1,0,1,0,2024-08-15T07:10:00Z,2024-08-15T07:10:01Z,1,1,OPEN,,,figshare Academic Research System,repository
10.6084/m9.figshare.c.7195227.v1,figshare.ars,2024,Collection,Clusters of lifestyle behavioral risk factors and their associations with depressive symptoms and stress: evidence from students at a university in Finland,figshare,0,1,0,1,0,2024-08-15T07:10:00Z,2024-08-15T07:10:01Z,1,1,OPEN,,,figshare Academic Research System,repository
10.6084/m9.figshare.26742029,figshare.ars,2024,Text,"Additional file 1 of Experiences from patients in mental healthcare accessing their electronic health records: results from a cross-national survey in Estonia, Finland, Norway, and Sweden",figshare,0,1,0,1,0,2024-08-15T16:55:10Z,2024-08-16T11:39:35Z,1,,,,,figshare Academic Research System,repository
10.6084/m9.figshare.26742029.v1,figshare.ars,2024,Text,"Additional file 1 of Experiences from patients in mental healthcare accessing their electronic health records: results from a cross-national survey in Estonia, Finland, Norway, and Sweden",figshare,0,1,0,1,0,2024-08-15T16:55:10Z,2024-08-17T04:46:11Z,1,,,,,figshare Academic Research System,repository
10.6084/m9.figshare.c.7313074,figshare.ars,2024,Collection,"Experiences from patients in mental healthcare accessing their electronic health records: results from a cross-national survey in Estonia, Finland, Norway, and Sweden",figshare,0,1,0,1,0,2024-08-15T16:55:11Z,2024-08-15T16:55:12Z,1,1,OPEN,,,figshare Academic Research System,repository
10.6084/m9.figshare.c.7313074.v1,figshare.ars,2024,Collection,"Experiences from patients in mental healthcare accessing their electronic health records: results from a cross-national survey in Estonia, Finland, Norway, and Sweden",figshare,0,1,0,1,0,2024-08-15T16:55:11Z,2024-08-15T16:55:12Z,1,1,OPEN,,,figshare Academic Research System,repository
10.13140/rg.2.2.14331.32801,rg.rg,2024,Text,Examination av stora studentgrupper - möjligheter och utmaningar - projektrapport,University of Skövde,1,0,0,1,0,2024-09-24T07:21:50Z,2024-09-24T07:21:50Z,1,,,,,ResearchGate,repository
10.6084/m9.figshare.27123877,figshare.ars,2024,Text,"Additional file 1 of Association between socioeconomic position of the household head, food insecurity and psychological health: an application of propensity score matching",figshare,0,1,0,1,0,2024-09-28T03:40:03Z,2024-09-28T04:17:12Z,1,,,,,figshare Academic Research System,repository
10.6084/m9.figshare.27123877.v1,figshare.ars,2024,Text,"Additional file 1 of Association between socioeconomic position of the household head, food insecurity and psychological health: an application of propensity score matching",figshare,0,1,0,1,0,2024-09-28T03:40:03Z,2024-09-28T04:15:36Z,1,,,,,figshare Academic Research System,repository
10.6084/m9.figshare.c.7470412,figshare.ars,2024,Collection,"Association between socioeconomic position of the household head, food insecurity and psychological health: an application of propensity score matching",figshare,0,1,0,1,0,2024-09-28T03:40:03Z,2024-09-28T03:40:05Z,1,1,OPEN,,,figshare Academic Research System,repository
10.6084/m9.figshare.c.7470412.v1,figshare.ars,2024,Collection,"Association between socioeconomic position of the household head, food insecurity and psychological health: an application of propensity score matching",figshare,0,1,0,1,0,2024-09-28T03:40:03Z,2024-09-28T03:40:05Z,1,1,OPEN,,,figshare Academic Research System,repository
10.6084/m9.figshare.27208891,figshare.ars,2024,Text,Additional file 1 of Mechanisms for co-designing and co-producing health and social care: a realist synthesis,figshare,0,1,0,1,0,2024-10-11T03:25:33Z,2024-10-11T03:25:37Z,1,,,,,figshare Academic Research System,repository
10.6084/m9.figshare.27208891.v1,figshare.ars,2024,Text,Additional file 1 of Mechanisms for co-designing and co-producing health and social care: a realist synthesis,figshare,0,1,0,1,0,2024-10-11T03:25:33Z,2024-10-11T03:25:37Z,1,,,,,figshare Academic Research System,repository
10.6084/m9.figshare.27208894,figshare.ars,2024,Text,Additional file 2 of Mechanisms for co-designing and co-producing health and social care: a realist synthesis,figshare,0,1,0,1,0,2024-10-11T03:25:34Z,2024-10-11T03:25:37Z,1,,,,,figshare Academic Research System,repository
10.6084/m9.figshare.27208894.v1,figshare.ars,2024,Text,Additional file 2 of Mechanisms for co-designing and co-producing health and social care: a realist synthesis,figshare,0,1,0,1,0,2024-10-11T03:25:34Z,2024-10-11T03:25:37Z,1,,,,,figshare Academic Research System,repository
10.6084/m9.figshare.27208897,figshare.ars,2024,Dataset,Additional file 3 of Mechanisms for co-designing and co-producing health and social care: a realist synthesis,figshare,0,1,0,1,0,2024-10-11T03:25:35Z,2024-10-11T03:25:37Z,1,1,OPEN,,,figshare Academic Research System,repository
10.6084/m9.figshare.27208897.v1,figshare.ars,2024,Dataset,Additional file 3 of Mechanisms for co-designing and co-producing health and social care: a realist synthesis,figshare,0,1,0,1,0,2024-10-11T03:25:35Z,2024-10-11T03:25:38Z,1,1,OPEN,,,figshare Academic Research System,repository
10.6084/m9.figshare.27208900,figshare.ars,2024,Text,Additional file 4 of Mechanisms for co-designing and co-producing health and social care: a realist synthesis,figshare,0,1,0,1,0,2024-10-11T03:25:36Z,2024-10-11T03:25:38Z,1,,,,,figshare Academic Research System,repository
10.6084/m9.figshare.27208900.v1,figshare.ars,2024,Text,Additional file 4 of Mechanisms for co-designing and co-producing health and social care: a realist synthesis,figshare,0,1,0,1,0,2024-10-11T03:25:36Z,2024-10-11T03:25:38Z,1,,,,,figshare Academic Research System,repository
10.6084/m9.figshare.c.7489381,figshare.ars,2024,Collection,Mechanisms for co-designing and co-producing health and social care: a realist synthesis,figshare,0,1,0,1,0,2024-10-11T03:25:38Z,2024-10-11T03:25:39Z,1,1,OPEN,,,figshare Academic Research System,repository
10.6084/m9.figshare.c.7489381.v1,figshare.ars,2024,Collection,Mechanisms for co-designing and co-producing health and social care: a realist synthesis,figshare,0,1,0,1,0,2024-10-11T03:25:38Z,2024-10-11T03:25:39Z,1,1,OPEN,,,figshare Academic Research System,repository
10.6084/m9.figshare.27501952,figshare.ars,2024,Text,Additional file 1 of Unscheduled home consultations by registered nurses may reduce acute clinic visits,figshare,0,1,0,1,0,2024-11-02T04:27:26Z,2024-11-02T04:27:28Z,1,,,,,figshare Academic Research System,repository
10.6084/m9.figshare.27501952.v1,figshare.ars,2024,Text,Additional file 1 of Unscheduled home consultations by registered nurses may reduce acute clinic visits,figshare,0,1,0,1,0,2024-11-02T04:27:26Z,2024-11-02T04:27:28Z,1,,,,,figshare Academic Research System,repository
10.6084/m9.figshare.c.7521652,figshare.ars,2024,Collection,Unscheduled home consultations by registered nurses may reduce acute clinic visits,figshare,0,1,0,1,0,2024-11-02T04:27:27Z,2024-11-02T04:27:28Z,1,1,OPEN,,,figshare Academic Research System,repository
10.6084/m9.figshare.c.7521652.v1,figshare.ars,2024,Collection,Unscheduled home consultations by registered nurses may reduce acute clinic visits,figshare,0,1,0,1,0,2024-11-02T04:57:23Z,2024-11-02T04:57:24Z,1,1,OPEN,,,figshare Academic Research System,repository
10.6084/m9.figshare.27641265,figshare.ars,2024,Text,Additional file 1 of Health promoting resources and lifestyle factors among higher education students in healthcare and social work programmes: a survey with a longitudinal multicentre design,figshare,0,1,0,1,0,2024-11-09T04:29:49Z,2024-11-09T04:29:50Z,1,,,,,figshare Academic Research System,repository
10.6084/m9.figshare.27641265.v1,figshare.ars,2024,Text,Additional file 1 of Health promoting resources and lifestyle factors among higher education students in healthcare and social work programmes: a survey with a longitudinal multicentre design,figshare,0,1,0,1,0,2024-11-09T04:29:49Z,2024-11-09T04:29:50Z,1,,,,,figshare Academic Research System,repository
10.6084/m9.figshare.c.7531914,figshare.ars,2024,Collection,Health promoting resources and lifestyle factors among higher education students in healthcare and social work programmes: a survey with a longitudinal multicentre design,figshare,0,1,0,1,0,2024-11-09T04:29:49Z,2024-11-09T04:29:50Z,1,1,OPEN,,,figshare Academic Research System,repository
10.6084/m9.figshare.c.7531914.v1,figshare.ars,2024,Collection,Health promoting resources and lifestyle factors among higher education students in healthcare and social work programmes: a survey with a longitudinal multicentre design,figshare,0,1,0,1,0,2024-11-09T04:29:49Z,2024-11-09T04:29:51Z,1,1,OPEN,,,figshare Academic Research System,repository
10.5878/68mj-8k45,snd.snd,2024,Dataset,"Data for Freshwater mollusc community screening - classical and eDNA monitoring to detect rare, indicator and invasive species",University of Skövde,1,1,0,1,0,2024-12-10T09:29:14Z,2025-09-22T09:40:46Z,1,1,OPEN,,,Swedish National Data Service,repository
10.5878/7e2j-a776,snd.snd,2024,Dataset,"Data for Freshwater mollusc community screening - classical and eDNA monitoring to detect rare, indicator and invasive species",University of Skövde,1,1,0,0,1,2024-12-10T09:29:15Z,2025-09-22T10:35:48Z,1,1,OPEN,,,Swedish National Data Service,repository
10.5281/zenodo.14655748,cern.zenodo,2025,Text,D2.3 – Innovative Teaching Concept on Standardisation – Use Guide for Standardisation Education,Zenodo,0,0,1,0,1,2025-01-16T08:52:41Z,2025-02-11T13:38:33Z,1,,,,,Zenodo,repository
10.5281/zenodo.14655749,cern.zenodo,2024,Text,D2.3 – Innovative Teaching Concept on Standardisation – Use Guide for Standardisation Education,Zenodo,0,0,1,1,0,2025-01-16T08:52:41Z,2025-02-11T13:38:32Z,1,,,,,Zenodo,repository
10.48723/fr58-f782,vkoc.doris,2025,Dataset,Transcriptomics profiling of human PSC cultured under different conditions,Karolinska Institutet,0,0,1,1,0,2025-01-23T15:04:28Z,2025-08-06T14:23:21Z,1,,,,,Karolinska Institutet / DORIS repository,repository
10.48723/0a55-ab34,vkoc.doris,2025,Dataset,Transcriptomics profiling of human PSC cultured under different conditions,Karolinska Institutet,0,0,1,0,1,2025-01-23T15:04:29Z,2025-08-06T14:23:22Z,1,,,,,Karolinska Institutet / DORIS repository,repository
10.5281/zenodo.14774013,cern.zenodo,2024,ConferenceProceeding,Comparative Analysis of Sustainability Reporting Methodologies in European Urban Areas,Zenodo,0,1,0,0,1,2025-01-30T16:31:22Z,2025-01-30T16:31:57Z,1,,,,,Zenodo,repository
10.5281/zenodo.14774014,cern.zenodo,2024,ConferenceProceeding,Comparative Analysis of Sustainability Reporting Methodologies in European Urban Areas,Zenodo,0,1,0,1,0,2025-01-30T16:31:22Z,2025-01-30T16:31:57Z,1,,,,,Zenodo,repository
10.6084/m9.figshare.28356891,figshare.ars,2025,Text,Additional file 1 of Pain assessment and management of adult patients in the Swedish EMS: a nationwide registry study,figshare,0,1,0,1,0,2025-02-06T04:37:02Z,2025-02-06T04:37:05Z,1,,,,,figshare Academic Research System,repository
10.6084/m9.figshare.28356891.v1,figshare.ars,2025,Text,Additional file 1 of Pain assessment and management of adult patients in the Swedish EMS: a nationwide registry study,figshare,0,1,0,1,0,2025-02-06T04:37:02Z,2025-02-06T04:37:05Z,1,,,,,figshare Academic Research System,repository
10.6084/m9.figshare.28356894,figshare.ars,2025,Dataset,Additional file 2 of Pain assessment and management of adult patients in the Swedish EMS: a nationwide registry study,figshare,0,1,0,1,0,2025-02-06T04:37:03Z,2025-02-06T04:37:05Z,1,1,OPEN,,,figshare Academic Research System,repository
10.6084/m9.figshare.28356894.v1,figshare.ars,2025,Dataset,Additional file 2 of Pain assessment and management of adult patients in the Swedish EMS: a nationwide registry study,figshare,0,1,0,1,0,2025-02-06T04:37:03Z,2025-02-06T04:37:05Z,1,1,OPEN,,,figshare Academic Research System,repository
10.6084/m9.figshare.28356897,figshare.ars,2025,Dataset,Additional file 3 of Pain assessment and management of adult patients in the Swedish EMS: a nationwide registry study,figshare,0,1,0,1,0,2025-02-06T04:37:04Z,2025-02-06T04:37:06Z,1,1,OPEN,,,figshare Academic Research System,repository
10.6084/m9.figshare.28356897.v1,figshare.ars,2025,Dataset,Additional file 3 of Pain assessment and management of adult patients in the Swedish EMS: a nationwide registry study,figshare,0,1,0,1,0,2025-02-06T04:37:04Z,2025-02-06T04:37:05Z,1,1,OPEN,,,figshare Academic Research System,repository
10.6084/m9.figshare.c.7660395,figshare.ars,2025,Collection,Pain assessment and management of adult patients in the Swedish EMS: a nationwide registry study,figshare,0,1,0,1,0,2025-02-06T04:37:05Z,2025-02-06T04:37:06Z,1,1,OPEN,,,figshare Academic Research System,repository
10.6084/m9.figshare.c.7660395.v1,figshare.ars,2025,Collection,Pain assessment and management of adult patients in the Swedish EMS: a nationwide registry study,figshare,0,1,0,1,0,2025-02-06T04:37:05Z,2025-02-06T04:37:06Z,1,1,OPEN,,,figshare Academic Research System,repository
10.5281/zenodo.14850705,cern.zenodo,2025,Text,D2.3 – Innovative Teaching Concept on Standardisation – Use Guide for Standardisation Education,Zenodo,0,0,1,1,0,2025-02-11T13:38:32Z,2025-02-11T13:38:33Z,1,,,,,Zenodo,repository
10.6084/m9.figshare.28521300,figshare.ars,2025,Text,Additional file 1 of Unraveling the role of early coeliac disease diagnosis in the risk of developing immune-mediated renal diseases,figshare,0,1,0,1,0,2025-03-03T04:18:06Z,2025-03-03T04:18:08Z,1,,,,,figshare Academic Research System,repository
10.6084/m9.figshare.28521300.v1,figshare.ars,2025,Text,Additional file 1 of Unraveling the role of early coeliac disease diagnosis in the risk of developing immune-mediated renal diseases,figshare,0,1,0,1,0,2025-03-03T04:18:06Z,2025-03-03T04:18:08Z,1,,,,,figshare Academic Research System,repository
10.6084/m9.figshare.28521303,figshare.ars,2025,Text,Additional file 2 of Unraveling the role of early coeliac disease diagnosis in the risk of developing immune-mediated renal diseases,figshare,0,1,0,1,0,2025-03-03T04:18:07Z,2025-03-03T04:18:08Z,1,,,,,figshare Academic Research System,repository
10.6084/m9.figshare.28521303.v1,figshare.ars,2025,Text,Additional file 2 of Unraveling the role of early coeliac disease diagnosis in the risk of developing immune-mediated renal diseases,figshare,0,1,0,1,0,2025-03-03T04:18:07Z,2025-03-03T04:18:08Z,1,,,,,figshare Academic Research System,repository
10.6084/m9.figshare.c.7699905,figshare.ars,2025,Collection,Unraveling the role of early coeliac disease diagnosis in the risk of developing immune-mediated renal diseases,figshare,0,1,0,1,0,2025-03-03T04:18:08Z,2025-03-03T04:18:09Z,1,1,OPEN,,,figshare Academic Research System,repository
10.6084/m9.figshare.c.7699905.v1,figshare.ars,2025,Collection,Unraveling the role of early coeliac disease diagnosis in the risk of developing immune-mediated renal diseases,figshare,0,1,0,1,0,2025-03-03T04:23:04Z,2025-03-03T04:23:05Z,1,1,OPEN,,,figshare Academic Research System,repository
10.6084/m9.figshare.28551721,figshare.ars,2025,Text,Additional file 1 of The CGA1-SNAT regulatory module potentially contributes to cytokinin-mediated melatonin biosynthesis and drought tolerance in wheat,figshare,0,1,0,1,0,2025-03-07T04:28:41Z,2025-03-07T04:28:43Z,1,,,,,figshare Academic Research System,repository
10.6084/m9.figshare.28551721.v1,figshare.ars,2025,Text,Additional file 1 of The CGA1-SNAT regulatory module potentially contributes to cytokinin-mediated melatonin biosynthesis and drought tolerance in wheat,figshare,0,1,0,1,0,2025-03-07T04:28:41Z,2025-03-07T04:28:43Z,1,,,,,figshare Academic Research System,repository
10.6084/m9.figshare.28551724,figshare.ars,2025,Dataset,Additional file 2 of The CGA1-SNAT regulatory module potentially contributes to cytokinin-mediated melatonin biosynthesis and drought tolerance in wheat,figshare,0,1,0,1,0,2025-03-07T04:28:42Z,2025-03-07T04:28:43Z,1,1,OPEN,,,figshare Academic Research System,repository
10.6084/m9.figshare.28551724.v1,figshare.ars,2025,Dataset,Additional file 2 of The CGA1-SNAT regulatory module potentially contributes to cytokinin-mediated melatonin biosynthesis and drought tolerance in wheat,figshare,0,1,0,1,0,2025-03-07T04:28:42Z,2025-03-07T04:28:43Z,1,1,OPEN,,,figshare Academic Research System,repository
10.6084/m9.figshare.c.7708018.v1,figshare.ars,2025,Collection,The CGA1-SNAT regulatory module potentially contributes to cytokinin-mediated melatonin biosynthesis and drought tolerance in wheat,figshare,0,1,0,1,0,2025-03-07T04:28:43Z,2025-03-07T04:28:44Z,1,1,OPEN,,,figshare Academic Research System,repository
10.6084/m9.figshare.c.7708018,figshare.ars,2025,Collection,The CGA1-SNAT regulatory module potentially contributes to cytokinin-mediated melatonin biosynthesis and drought tolerance in wheat,figshare,0,1,0,1,0,2025-03-07T04:28:44Z,2025-03-07T04:28:45Z,1,1,OPEN,,,figshare Academic Research System,repository
10.5281/zenodo.15042376,cern.zenodo,2025,Report,Interdisciplinary Knowledge Framework: Report of the Activity 2 of the ENRICH Project,Zenodo,0,1,0,0,1,2025-03-17T22:40:58Z,2025-03-17T22:40:59Z,1,,,,,Zenodo,repository
10.5281/zenodo.15042377,cern.zenodo,2025,Report,Interdisciplinary Knowledge Framework: Report of the Activity 2 of the ENRICH Project,Zenodo,0,1,0,1,0,2025-03-17T22:40:58Z,2025-03-17T22:40:59Z,1,,,,,Zenodo,repository
10.6084/m9.figshare.29085763,figshare.ars,2025,Text,Additional file 1 of Building trusting relationships while worrying about doing the wrong thing - a qualitative content analysis study on Swedish school nurses experiences of meeting students with trans experiences,figshare,0,1,0,1,0,2025-05-16T08:50:03Z,2025-05-16T08:50:04Z,1,,,,,figshare Academic Research System,repository
10.6084/m9.figshare.29085763.v1,figshare.ars,2025,Text,Additional file 1 of Building trusting relationships while worrying about doing the wrong thing - a qualitative content analysis study on Swedish school nurses experiences of meeting students with trans experiences,figshare,0,1,0,1,0,2025-05-16T08:50:03Z,2025-05-16T08:50:04Z,1,,,,,figshare Academic Research System,repository
10.6084/m9.figshare.c.7823227,figshare.ars,2025,Collection,Building trusting relationships while worrying about doing the wrong thing - a qualitative content analysis study on Swedish school nurses experiences of meeting students with trans experiences,figshare,0,1,0,1,0,2025-05-16T08:50:03Z,2025-05-16T08:50:04Z,1,,,,,figshare Academic Research System,repository
10.6084/m9.figshare.c.7823227.v1,figshare.ars,2025,Collection,Building trusting relationships while worrying about doing the wrong thing - a qualitative content analysis study on Swedish school nurses experiences of meeting students with trans experiences,figshare,0,1,0,1,0,2025-05-16T08:50:04Z,2025-05-16T08:50:04Z,1,,,,,figshare Academic Research System,repository
10.5281/zenodo.15552367,cern.zenodo,2025,Text,D3.1 - Pilot Design Report,Zenodo,0,0,1,1,0,2025-05-30T09:42:44Z,2025-05-30T09:42:46Z,1,,,,,Zenodo,repository
10.5281/zenodo.15552366,cern.zenodo,2025,Text,D3.1 - Pilot Design Report,Zenodo,0,0,1,0,1,2025-05-30T09:42:45Z,2025-05-30T09:42:46Z,1,,,,,Zenodo,repository
10.5281/zenodo.15743709,cern.zenodo,2025,Text,The Munster Statement on the Principles of Research Ethics and Research Integrity,Zenodo,0,0,1,0,1,2025-07-02T10:23:18Z,2025-07-15T22:35:34Z,1,,,,,Zenodo,repository
10.5281/zenodo.15743710,cern.zenodo,2025,Text,The Munster Statement on the Principles of Research Ethics and Research Integrity,Zenodo,0,0,1,1,0,2025-07-02T10:23:18Z,2025-07-15T22:35:34Z,1,,,,,Zenodo,repository
10.5878/qe0c-kb63,snd.snd,2025,Dataset,Data for: Coverage of Web Accessibility Guidelines Provided by Automated Checking Tools,University of Skövde,1,1,0,1,0,2025-08-25T09:38:56Z,2025-08-25T09:38:56Z,1,,,,,Swedish National Data Service,repository
10.5878/xr5x-zs24,snd.snd,2025,Dataset,Data for: Coverage of Web Accessibility Guidelines Provided by Automated Checking Tools,University of Skövde,1,1,0,0,0,2025-08-25T09:38:57Z,2025-08-25T09:38:57Z,1,,,,,Swedish National Data Service,repository
10.6084/m9.figshare.30016079,figshare.ars,2025,Text,"Additional file 1 of Item response theory modelling of the trait emotional intelligence questionnaire-short form: item streamlining, differential item functioning, and validity in a Swedish multicenter cross-sectional study",figshare,0,1,0,1,0,2025-08-30T03:32:18Z,2025-08-30T03:32:19Z,1,,,,,figshare Academic Research System,repository
10.6084/m9.figshare.30016079.v1,figshare.ars,2025,Text,"Additional file 1 of Item response theory modelling of the trait emotional intelligence questionnaire-short form: item streamlining, differential item functioning, and validity in a Swedish multicenter cross-sectional study",figshare,0,1,0,1,0,2025-08-30T03:32:18Z,2025-08-30T03:32:19Z,1,,,,,figshare Academic Research System,repository
10.6084/m9.figshare.c.8008292,figshare.ars,2025,Collection,"Item response theory modelling of the trait emotional intelligence questionnaire-short form: item streamlining, differential item functioning, and validity in a Swedish multicenter cross-sectional study",figshare,0,1,0,1,0,2025-08-30T03:32:19Z,2025-08-30T03:32:20Z,1,,,,,figshare Academic Research System,repository
10.6084/m9.figshare.c.8008292.v1,figshare.ars,2025,Collection,"Item response theory modelling of the trait emotional intelligence questionnaire-short form: item streamlining, differential item functioning, and validity in a Swedish multicenter cross-sectional study",figshare,0,1,0,1,0,2025-08-30T03:32:19Z,2025-08-30T03:32:20Z,1,,,,,figshare Academic Research System,repository
10.5281/zenodo.17073324,cern.zenodo,2025,Software,drBrolin/Virtual-Driver-Lua: Virtual-Driver-Lua-2025R2,Zenodo,0,1,0,0,1,2025-09-07T16:47:45Z,2025-09-07T16:47:46Z,1,,,,,Zenodo,repository
10.5281/zenodo.17073325,cern.zenodo,2025,Software,drBrolin/Virtual-Driver-Lua: Virtual-Driver-Lua-2025R2,Zenodo,0,1,0,1,0,2025-09-07T16:47:45Z,2025-09-07T16:47:45Z,1,,,,,Zenodo,repository
