doi,dataCiteClientId,dataCiteClientName,publicationYear,resourceType,title,publisher,createdAt,updatedAt,isPublisher,isFunder,haveCreatorAffiliation,haveContributorAffiliation,isLatestVersion,isConceptDoi,matchPublisherRor,matchCreatorAffiliationRor,matchContributorAffiliationRor,matchFunderRor,matchPublisherName,matchCreatorName,matchContributorName,matchFunderName,inDataCite,inOpenAire,inOpenAlex,inCrossRef,openAireBestAccessRight,openAireIndicatorsUsageCountsDownloads,openAireIndicatorsUsageCountsViews,openAireId,openAlexId,openAlexCitedByCount,openAlexReferencedWorksCount,titleWordCount,referencedByDoi,dataCiteClientType
10.5061/dryad.c08b5,dryad.dryad,DRYAD,2019,Dataset,Data from: Recent rapid speciation and ecomorph divergence in Indo-Australian sea snakes,Dryad,2013-02-13T15:46:06Z,2025-05-01T01:42:42Z,0,,1,0,1,0,0,0,0,0,0,0,0,0,1,1,,,,3,3,,,,,12,doi:10.1111/mec.12291,repository
10.5061/dryad.50r1b,dryad.dryad,DRYAD,2015,Dataset,Data from: Tolerance to gamma radiation in the tardigrade Hypsibius dujardini from embryo to adult correlate inversely with cellular proliferation,Dryad,2015-08-06T20:05:57Z,2025-07-22T03:49:17Z,0,,1,0,1,0,0,0,0,0,0,0,0,0,1,1,,,,0,2,,,,,20,,repository
10.13140/rg.2.2.30994.45769,rg.rg,ResearchGate,2016,Other,Mandelmel-muffins til ældre - Et pilotprojekt med tilberedning- og ingrediensjustering WP2 - Udvikling og afprøvning af herlige ELDORADO måltider,"Kristianstad University, Sweden",2016-09-02T14:33:08Z,2025-10-09T14:47:48Z,1,,0,0,1,0,0,0,0,0,0,0,0,0,1,,,,,,,,,,,19,,repository
10.5061/dryad.78vd3,dryad.dryad,DRYAD,2017,Dataset,Data from: Experimentally induced repeated anhydrobiosis in the eutardigrade Richtersius coronifer,Dryad,2016-09-22T20:54:37Z,2025-07-22T00:47:02Z,0,,1,0,1,0,0,0,0,0,0,0,0,0,1,1,,,,0,2,,,,,11,,repository
10.5061/dryad.21vd2,dryad.dryad,DRYAD,2017,Dataset,"Data from: Tolerance to gamma radiation in the marine heterotardigrade, Echiniscoides sigismundi",Dryad,2016-12-13T15:51:02Z,2025-07-22T01:54:54Z,0,,1,0,1,0,0,0,0,0,0,0,0,0,1,1,,,,0,2,,,,,12,,repository
10.5061/dryad.74gd7,dryad.dryad,DRYAD,2017,Dataset,Data from: Admixture between released and wild game birds: a changing genetic landscape in European mallards (Anas platyrhynchos),Dryad,2017-12-05T12:40:45Z,2025-07-21T13:44:09Z,0,,1,0,1,0,0,0,0,0,0,0,0,0,1,1,,,RESTRICTED,1,2,,,,,18,,repository
10.5281/zenodo.3359892,cern.zenodo,Zenodo,2019,Text,ESA's Voyage 2050 Long-term Plan for Education and Public Engagement (ESA's Voyage 2050 White Paper),Zenodo,2019-08-05T10:06:59Z,2020-07-29T21:42:36Z,0,,1,0,1,0,0,0,0,0,0,0,0,0,1,,,,,,,,,,,15,,repository
10.5281/zenodo.3359891,cern.zenodo,Zenodo,2019,Text,ESA's Voyage 2050 Long-term Plan for Education and Public Engagement (ESA's Voyage 2050 White Paper),Zenodo,2019-08-05T10:07:00Z,2020-07-29T21:42:36Z,0,,1,0,0,0,0,0,0,0,0,0,0,0,1,,,,,,,,,,,15,,repository
10.5281/zenodo.3360374,cern.zenodo,Zenodo,2019,Text,ESA's Voyage 2050 Long-term Plan for Education and Public Engagement (ESA's Voyage 2050 White Paper),Zenodo,2019-08-05T10:11:37Z,2020-07-29T21:42:37Z,0,,1,0,1,0,0,0,0,0,0,0,0,0,1,,,,,,,,,,,15,,repository
10.5878/0c63-yr66,snd.snd,Swedish National Data Service,2019,Dataset,Tabular summary of 58 SEN assessment reports from Sweden and Germany,University of Gothenburg,2019-11-28T02:30:42Z,2025-09-22T10:23:07Z,0,,1,0,0,1,0,0,0,0,0,0,0,0,1,1,,,RESTRICTED,,,,,,,11,,repository
10.5878/3n2k-fm21,snd.snd,Swedish National Data Service,2019,Dataset,Tabular summary of 58 SEN assessment reports from Sweden and Germany,University of Gothenburg,2019-11-28T02:30:42Z,2025-09-22T08:54:23Z,0,,1,0,1,0,0,0,0,0,0,0,0,0,1,1,,,RESTRICTED,,,,,,,11,,repository
10.5878/rk5m-1t54,snd.snd,Swedish National Data Service,2020,Dataset,Measuring next of kin´s experience of participation in the care of older people in nursing homes,Kristianstad University,2020-01-14T02:31:05Z,2025-09-22T10:23:05Z,1,,1,0,0,1,0,0,0,0,0,0,0,0,1,1,,,OPEN,,,,,,,16,,repository
10.5878/8mj1-3y24,snd.snd,Swedish National Data Service,2020,Dataset,Measuring next of kin´s experience of participation in the care of older people in nursing homes,Kristianstad University,2020-01-14T02:31:06Z,2025-09-22T08:54:21Z,1,,1,0,1,0,0,0,0,0,0,0,0,0,1,1,,,,,,,,,,16,,repository
10.5061/dryad.qz612jmbk,dryad.dryad,DRYAD,2020,Dataset,Data from: Seasonality determines patterns of growth and age structure over a geographic gradient in an ectothermic vertebrate,Dryad,2020-05-12T15:54:59Z,2025-07-22T16:06:10Z,0,,1,0,1,0,0,0,0,0,0,0,0,0,1,1,,,,0,6,,,,,18,,repository
10.6084/m9.figshare.c.5014901,figshare.ars,figshare Academic Research System,2020,Collection,Sarcopenic obesity and associations with mortality in older women and men – a prospective observational study,figshare,2020-06-10T03:40:06Z,2024-05-14T06:36:29Z,0,,1,0,1,0,0,0,0,0,0,0,0,0,1,1,,,OPEN,,,,,,,16,,repository
10.6084/m9.figshare.c.5014901.v1,figshare.ars,figshare Academic Research System,2020,Collection,Sarcopenic obesity and associations with mortality in older women and men – a prospective observational study,figshare,2020-06-10T03:40:06Z,2024-05-13T14:07:46Z,0,,1,0,1,0,0,0,0,0,0,0,0,0,1,1,,,OPEN,,,,,,,16,,repository
10.5061/dryad.d51c5b007,dryad.dryad,DRYAD,2020,Dataset,Data from: Biocultural approaches to sustainability: a systematic review of the scientific literature,Dryad,2020-06-25T19:26:23Z,2025-07-22T16:30:19Z,0,,1,0,1,0,0,0,0,0,0,0,0,0,1,1,,,,1,3,,,,,13,,repository
10.6084/m9.figshare.12878795,figshare.ars,figshare Academic Research System,2020,Dataset,"Additional file 1 of Genome wide SNP discovery, analysis and evaluation in mallard (Anas platyrhynchos)",figshare,2020-08-27T13:45:27Z,2024-02-15T19:21:35Z,0,,1,0,1,0,0,0,0,0,0,0,0,0,1,1,,,OPEN,,,,,,,15,10.1186/1471-2164-12-150,repository
10.6084/m9.figshare.12878807,figshare.ars,figshare Academic Research System,2020,Text,"Additional file 5 of Genome wide SNP discovery, analysis and evaluation in mallard (Anas platyrhynchos)",figshare,2020-08-27T13:45:27Z,2024-02-15T19:21:41Z,0,,1,0,1,0,0,0,0,0,0,0,0,0,1,,,,,,,,,,,15,10.1186/1471-2164-12-150,repository
10.6084/m9.figshare.12878801,figshare.ars,figshare Academic Research System,2020,Text,"Additional file 3 of Genome wide SNP discovery, analysis and evaluation in mallard (Anas platyrhynchos)",figshare,2020-08-27T13:45:28Z,2024-02-15T19:21:39Z,0,,1,0,1,0,0,0,0,0,0,0,0,0,1,,,,,,,,,,,15,10.1186/1471-2164-12-150,repository
10.6084/m9.figshare.12878798,figshare.ars,figshare Academic Research System,2020,Text,"Additional file 2 of Genome wide SNP discovery, analysis and evaluation in mallard (Anas platyrhynchos)",figshare,2020-08-27T13:45:29Z,2024-02-15T19:21:37Z,0,,1,0,1,0,0,0,0,0,0,0,0,0,1,,,,,,,,,,,15,10.1186/1471-2164-12-150,repository
10.6084/m9.figshare.12878801.v1,figshare.ars,figshare Academic Research System,2020,Text,"Additional file 3 of Genome wide SNP discovery, analysis and evaluation in mallard (Anas platyrhynchos)",figshare,2020-08-27T13:45:29Z,2024-02-15T19:21:40Z,0,,1,0,1,0,0,0,0,0,0,0,0,0,1,,,,,,,,,,,15,10.1186/1471-2164-12-150,repository
10.6084/m9.figshare.12878804,figshare.ars,figshare Academic Research System,2020,Image,"Additional file 4 of Genome wide SNP discovery, analysis and evaluation in mallard (Anas platyrhynchos)",figshare,2020-08-27T13:45:29Z,2024-02-15T19:22:38Z,0,,1,0,1,0,0,0,0,0,0,0,0,0,1,,,,,,,,,,,15,10.1186/1471-2164-12-150,repository
10.6084/m9.figshare.12878804.v1,figshare.ars,figshare Academic Research System,2020,Image,"Additional file 4 of Genome wide SNP discovery, analysis and evaluation in mallard (Anas platyrhynchos)",figshare,2020-08-27T13:45:29Z,2024-02-15T19:24:15Z,0,,1,0,1,0,0,0,0,0,0,0,0,0,1,,,,,,,,,,,15,10.1186/1471-2164-12-150,repository
10.6084/m9.figshare.12878795.v1,figshare.ars,figshare Academic Research System,2020,Dataset,"Additional file 1 of Genome wide SNP discovery, analysis and evaluation in mallard (Anas platyrhynchos)",figshare,2020-08-27T13:45:32Z,2024-02-15T19:21:36Z,0,,1,0,1,0,0,0,0,0,0,0,0,0,1,1,,,OPEN,,,,,,,15,10.1186/1471-2164-12-150,repository
10.6084/m9.figshare.12878798.v1,figshare.ars,figshare Academic Research System,2020,Text,"Additional file 2 of Genome wide SNP discovery, analysis and evaluation in mallard (Anas platyrhynchos)",figshare,2020-08-27T13:45:32Z,2024-02-15T19:21:41Z,0,,1,0,1,0,0,0,0,0,0,0,0,0,1,,,,,,,,,,,15,10.1186/1471-2164-12-150,repository
10.6084/m9.figshare.c.4845198,figshare.ars,figshare Academic Research System,2020,Collection,"Genome wide SNP discovery, analysis and evaluation in mallard (Anas platyrhynchos)",figshare,2020-08-27T13:45:36Z,2024-03-22T08:57:04Z,0,,1,0,1,0,0,0,0,0,0,0,0,0,1,1,,,OPEN,,,,,,,11,,repository
10.6084/m9.figshare.12878807.v1,figshare.ars,figshare Academic Research System,2020,Text,"Additional file 5 of Genome wide SNP discovery, analysis and evaluation in mallard (Anas platyrhynchos)",figshare,2020-08-27T13:45:40Z,2024-02-15T19:24:20Z,0,,1,0,1,0,0,0,0,0,0,0,0,0,1,,,,,,,,,,,15,10.1186/1471-2164-12-150,repository
10.6084/m9.figshare.c.4845198.v1,figshare.ars,figshare Academic Research System,2020,Collection,"Genome wide SNP discovery, analysis and evaluation in mallard (Anas platyrhynchos)",figshare,2020-08-27T13:45:40Z,2024-03-22T08:57:04Z,0,,1,0,1,0,0,0,0,0,0,0,0,0,1,1,,,OPEN,,,,,,,11,,repository
10.5878/v071-k883,snd.snd,Swedish National Data Service,2020,Dataset,"Next of kin participation in the care of older people in nursing homes – a pre-post non-randomised educational evaluation, using within group and individual person-level comparisons",Kristianstad University,2020-12-16T10:46:27Z,2025-09-22T10:20:10Z,1,,1,0,0,1,0,0,0,0,0,0,0,0,1,1,,,OPEN,,,,,,,26,10.1186/s12904-018-0308-2,repository
10.5878/bknc-4277,snd.snd,Swedish National Data Service,2020,Dataset,"Next of kin participation in the care of older people in nursing homes – a pre-post non-randomised educational evaluation, using within group and individual person-level comparisons",Kristianstad University,2020-12-16T10:46:30Z,2025-09-22T08:41:17Z,1,,1,0,1,0,0,0,0,0,0,0,0,0,1,1,,,,,,,,,,26,10.1186/s12904-018-0308-2,repository
10.5061/dryad.f7m0cfxwh,dryad.dryad,DRYAD,2021,Dataset,"Effects of released farmed mallards on species richness of breeding waterbirds and amphibians in natural, restored, and constructed wetlands",Dryad,2021-09-01T19:54:10Z,2025-07-22T23:21:04Z,0,,1,0,1,0,0,0,0,0,0,0,0,0,1,1,,,,4,6,,,,,19,,repository
10.5878/sxqq-ck10,snd.snd,Swedish National Data Service,2021,Dataset,Evaluation of brownification mitigation potential of a wetland constructed in a managed Swedish forest - Osby,Kristianstad University,2021-11-19T12:02:22Z,2025-09-22T10:27:54Z,1,,1,0,0,1,0,0,0,0,0,0,0,0,1,1,,,OPEN,,,,,,,16,,repository
10.5878/ymaj-0f19,snd.snd,Swedish National Data Service,2021,Dataset,Evaluation of brownification mitigation potential of a wetland constructed in a managed Swedish forest - Osby,Kristianstad University,2021-11-19T12:02:23Z,2025-09-22T09:32:31Z,1,,1,0,1,0,0,0,0,0,0,0,0,0,1,1,,,,,,,,,,16,,repository
10.6084/m9.figshare.c.5881514,figshare.ars,figshare Academic Research System,2022,Collection,Predictors of effective clinical teaching – nursing educators’ perspective,figshare,2022-03-08T04:38:12Z,2022-03-08T04:38:23Z,0,,1,0,1,0,0,0,0,0,0,0,0,0,1,1,,,OPEN,,,,,,,9,10.1186/s12912-022-00836-y,repository
10.6084/m9.figshare.c.5881514.v1,figshare.ars,figshare Academic Research System,2022,Collection,Predictors of effective clinical teaching – nursing educators’ perspective,figshare,2022-03-08T04:38:19Z,2022-03-08T04:38:26Z,0,,1,0,1,0,0,0,0,0,0,0,0,0,1,1,,,OPEN,,,,,,,9,10.1186/s12912-022-00836-y,repository
10.6084/m9.figshare.19321133.v1,figshare.ars,figshare Academic Research System,2022,Text,Additional file 1 of Predictors of effective clinical teaching – nursing educators’ perspective,figshare,2022-03-08T04:46:24Z,2022-03-08T04:46:30Z,0,,1,0,1,0,0,0,0,0,0,0,0,0,1,,,,,,,,,,,13,10.1186/s12912-022-00836-y,repository
10.6084/m9.figshare.19321133,figshare.ars,figshare Academic Research System,2022,Text,Additional file 1 of Predictors of effective clinical teaching – nursing educators’ perspective,figshare,2022-03-08T04:46:25Z,2022-03-08T04:46:35Z,0,,1,0,1,0,0,0,0,0,0,0,0,0,1,,,,,,,,,,,13,10.1186/s12912-022-00836-y,repository
10.5061/dryad.wh70rxwq3,dryad.dryad,DRYAD,2022,Dataset,Leap-frog migration and residents: new migratory habits in Swedish Greylag geese,Dryad,2022-03-28T20:58:22Z,2025-07-23T02:52:05Z,0,,1,0,1,0,0,0,0,0,0,0,0,0,1,1,,,,2,3,,,,,11,,repository
10.6084/m9.figshare.19643441,figshare.ars,figshare Academic Research System,2022,Text,"Additional file 1 of Development, feasibility and acceptability of a self-efficacy-enhancing smartphone application among pregnant women with gestational diabetes mellitus: single- arm pilot clinical trial",figshare,2022-04-25T03:53:31Z,2024-02-14T18:23:53Z,0,,1,0,1,0,0,0,0,0,0,0,0,0,1,,,,,,,,,,,25,10.1186/s12884-022-04684-1,repository
10.6084/m9.figshare.19643441.v1,figshare.ars,figshare Academic Research System,2022,Text,"Additional file 1 of Development, feasibility and acceptability of a self-efficacy-enhancing smartphone application among pregnant women with gestational diabetes mellitus: single- arm pilot clinical trial",figshare,2022-04-25T03:53:31Z,2024-02-14T18:23:59Z,0,,1,0,1,0,0,0,0,0,0,0,0,0,1,,,,,,,,,,,25,10.1186/s12884-022-04684-1,repository
10.6084/m9.figshare.c.5961074.v1,figshare.ars,figshare Academic Research System,2022,Collection,"Development, feasibility and acceptability of a self-efficacy-enhancing smartphone application among pregnant women with gestational diabetes mellitus: single- arm pilot clinical trial",figshare,2022-04-25T03:53:33Z,2024-03-23T08:52:29Z,0,,1,0,1,0,0,0,0,0,0,0,0,0,1,1,,,OPEN,,,,,,,21,,repository
10.6084/m9.figshare.c.5961074,figshare.ars,figshare Academic Research System,2022,Collection,"Development, feasibility and acceptability of a self-efficacy-enhancing smartphone application among pregnant women with gestational diabetes mellitus: single- arm pilot clinical trial",figshare,2022-04-25T03:53:37Z,2024-03-23T08:52:28Z,0,,1,0,1,0,0,0,0,0,0,0,0,0,1,1,,,OPEN,,,,,,,21,,repository
10.6084/m9.figshare.c.6096791,figshare.ars,figshare Academic Research System,2022,Collection,Translation and psychometric validation of the Arabic version of Summary of the Diabetes Self-Care Activities (SDSCA) among pregnant women with gestational diabetes,figshare,2022-07-15T07:55:15Z,2022-07-15T07:55:17Z,0,,1,0,1,0,0,0,0,0,0,0,0,0,1,1,,,OPEN,,,,,,,22,10.1186/s12884-022-04897-4,repository
10.6084/m9.figshare.c.6096791.v1,figshare.ars,figshare Academic Research System,2022,Collection,Translation and psychometric validation of the Arabic version of Summary of the Diabetes Self-Care Activities (SDSCA) among pregnant women with gestational diabetes,figshare,2022-07-15T07:55:15Z,2022-07-15T07:55:17Z,0,,1,0,1,0,0,0,0,0,0,0,0,0,1,1,,,OPEN,,,,,,,22,10.1186/s12884-022-04897-4,repository
10.6084/m9.figshare.20317565,figshare.ars,figshare Academic Research System,2022,Text,Additional file 1 of Translation and psychometric validation of the Arabic version of Summary of the Diabetes Self-Care Activities (SDSCA) among pregnant women with gestational diabetes,figshare,2022-07-15T07:56:21Z,2022-07-15T07:56:24Z,0,,1,0,1,0,0,0,0,0,0,0,0,0,1,,,,,,,,,,,26,10.1186/s12884-022-04897-4,repository
10.6084/m9.figshare.20317565.v1,figshare.ars,figshare Academic Research System,2022,Text,Additional file 1 of Translation and psychometric validation of the Arabic version of Summary of the Diabetes Self-Care Activities (SDSCA) among pregnant women with gestational diabetes,figshare,2022-07-15T07:56:22Z,2022-07-15T07:56:25Z,0,,1,0,1,0,0,0,0,0,0,0,0,0,1,,,,,,,,,,,26,10.1186/s12884-022-04897-4,repository
10.6084/m9.figshare.c.6121460,figshare.ars,figshare Academic Research System,2022,Collection,"Swedish managers’ experience of yearly staff development dialogues, aiming for employee development, performance, and well-being",figshare,2022-07-28T08:16:52Z,2022-07-28T08:16:55Z,0,,1,0,1,0,0,0,0,0,0,0,0,0,1,1,,,OPEN,,,,,,,15,10.1186/s40359-022-00890-w,repository
10.6084/m9.figshare.c.6121460.v1,figshare.ars,figshare Academic Research System,2022,Collection,"Swedish managers’ experience of yearly staff development dialogues, aiming for employee development, performance, and well-being",figshare,2022-07-28T08:16:52Z,2022-07-28T08:16:54Z,0,,1,0,1,0,0,0,0,0,0,0,0,0,1,1,,,OPEN,,,,,,,15,10.1186/s40359-022-00890-w,repository
10.6084/m9.figshare.20390960,figshare.ars,figshare Academic Research System,2022,Text,"Additional file 1 of Swedish managers’ experience of yearly staff development dialogues, aiming for employee development, performance, and well-being",figshare,2022-07-28T08:18:41Z,2022-07-28T08:18:44Z,0,,1,0,1,0,0,0,0,0,0,0,0,0,1,,,,,,,,,,,19,10.1186/s40359-022-00890-w,repository
10.6084/m9.figshare.20390960.v1,figshare.ars,figshare Academic Research System,2022,Text,"Additional file 1 of Swedish managers’ experience of yearly staff development dialogues, aiming for employee development, performance, and well-being",figshare,2022-07-28T08:18:41Z,2022-07-28T08:18:44Z,0,,1,0,1,0,0,0,0,0,0,0,0,0,1,,,,,,,,,,,19,10.1186/s40359-022-00890-w,repository
10.6084/m9.figshare.22607654,figshare.ars,figshare Academic Research System,2023,Text,Additional file 1 of Novel insights regarding the measurement properties of the SCOPA-AUT,figshare,2023-04-13T11:18:06Z,2023-04-13T11:18:07Z,0,,1,0,1,0,0,0,0,0,0,0,0,0,1,,,,,,,,,,,13,10.1186/s12883-022-03008-2,repository
10.6084/m9.figshare.22607654.v1,figshare.ars,figshare Academic Research System,2023,Text,Additional file 1 of Novel insights regarding the measurement properties of the SCOPA-AUT,figshare,2023-04-13T11:18:06Z,2023-04-13T11:18:08Z,0,,1,0,1,0,0,0,0,0,0,0,0,0,1,,,,,,,,,,,13,10.1186/s12883-022-03008-2,repository
10.6084/m9.figshare.c.6582344,figshare.ars,figshare Academic Research System,2023,Collection,Novel insights regarding the measurement properties of the SCOPA-AUT,figshare,2023-04-13T11:18:07Z,2023-04-13T11:18:08Z,0,,1,0,1,0,0,0,0,0,0,0,0,0,1,1,,,OPEN,,,,,,,9,10.1186/s12883-022-03008-2,repository
10.6084/m9.figshare.c.6582344.v1,figshare.ars,figshare Academic Research System,2023,Collection,Novel insights regarding the measurement properties of the SCOPA-AUT,figshare,2023-04-13T11:18:07Z,2023-04-13T11:18:08Z,0,,1,0,1,0,0,0,0,0,0,0,0,0,1,1,,,OPEN,,,,,,,9,10.1186/s12883-022-03008-2,repository
10.6084/m9.figshare.22612075,figshare.ars,figshare Academic Research System,2023,Text,Additional file 1 of Does inflammation markers or treatment type moderate exercise intensity effects on changes in muscle strength in cancer survivors participating in a 6-month combined resistance- and endurance exercise program? Results from the Phys-Can trial,figshare,2023-04-13T12:18:08Z,2023-04-13T12:18:09Z,0,,1,0,1,0,0,0,0,0,0,0,0,0,1,,,,,,,,,,,37,10.1186/s13102-023-00617-3,repository
10.6084/m9.figshare.22612075.v1,figshare.ars,figshare Academic Research System,2023,Text,Additional file 1 of Does inflammation markers or treatment type moderate exercise intensity effects on changes in muscle strength in cancer survivors participating in a 6-month combined resistance- and endurance exercise program? Results from the Phys-Can trial,figshare,2023-04-13T12:18:08Z,2023-04-13T12:18:10Z,0,,1,0,1,0,0,0,0,0,0,0,0,0,1,,,,,,,,,,,37,10.1186/s13102-023-00617-3,repository
10.6084/m9.figshare.c.6585826,figshare.ars,figshare Academic Research System,2023,Collection,Does inflammation markers or treatment type moderate exercise intensity effects on changes in muscle strength in cancer survivors participating in a 6-month combined resistance- and endurance exercise program? Results from the Phys-Can trial,figshare,2023-04-13T12:18:09Z,2023-04-13T12:18:11Z,0,,1,0,1,0,0,0,0,0,0,0,0,0,1,1,,,OPEN,,,,,,,33,10.1186/s13102-023-00617-3,repository
10.6084/m9.figshare.c.6585826.v1,figshare.ars,figshare Academic Research System,2023,Collection,Does inflammation markers or treatment type moderate exercise intensity effects on changes in muscle strength in cancer survivors participating in a 6-month combined resistance- and endurance exercise program? Results from the Phys-Can trial,figshare,2023-04-13T12:18:09Z,2023-04-13T12:18:10Z,0,,1,0,1,0,0,0,0,0,0,0,0,0,1,1,,,OPEN,,,,,,,33,10.1186/s13102-023-00617-3,repository
10.6084/m9.figshare.c.6589330,figshare.ars,figshare Academic Research System,2023,Collection,Transformation of Rasch model logits for enhanced interpretability,figshare,2023-04-13T13:21:56Z,2023-04-13T13:23:06Z,0,,1,0,1,0,0,0,0,0,0,0,0,0,1,1,,,OPEN,,,,,,,8,10.1186/s12874-022-01816-1,repository
10.6084/m9.figshare.c.6589330.v1,figshare.ars,figshare Academic Research System,2023,Collection,Transformation of Rasch model logits for enhanced interpretability,figshare,2023-04-13T13:21:58Z,2023-04-13T13:23:12Z,0,,1,0,1,0,0,0,0,0,0,0,0,0,1,1,,,OPEN,,,,,,,8,10.1186/s12874-022-01816-1,repository
10.6084/m9.figshare.22616542,figshare.ars,figshare Academic Research System,2023,Dataset,Additional file 1 of Transformation of Rasch model logits for enhanced interpretability,figshare,2023-04-13T14:23:41Z,2023-04-13T14:23:42Z,0,,0,0,1,0,0,0,0,0,0,0,0,0,1,1,1,,OPEN,,,,https://openalex.org/W4394343122,0,0,12,10.1186/s12874-022-01816-1,repository
10.6084/m9.figshare.22616542.v1,figshare.ars,figshare Academic Research System,2023,Dataset,Additional file 1 of Transformation of Rasch model logits for enhanced interpretability,figshare,2023-04-13T14:23:41Z,2023-04-13T14:23:42Z,0,,1,0,1,0,0,0,0,0,0,0,0,0,1,1,,,OPEN,,,,,,,12,10.1186/s12874-022-01816-1,repository
10.25384/sage.23586670,sage.journals,Sage Journals Data,2023,Text,sj-docx-1-ict-10.1177_15347354231178869 – Supplemental material for The Role of Long-Term Physical Activity in Relation to Cancer-Related Health Outcomes: A 12-Month Follow-up of the Phys-Can RCT,SAGE Journals,2023-06-27T12:18:09Z,2024-08-28T11:25:18Z,0,,1,0,1,0,0,0,0,0,0,0,0,0,1,,,,,,,,,,,24,10.1177/15347354231178869,repository
10.25384/sage.23586670.v1,sage.journals,Sage Journals Data,2023,Text,sj-docx-1-ict-10.1177_15347354231178869 – Supplemental material for The Role of Long-Term Physical Activity in Relation to Cancer-Related Health Outcomes: A 12-Month Follow-up of the Phys-Can RCT,SAGE Journals,2023-06-27T12:18:10Z,2024-08-28T11:23:24Z,0,,1,0,1,0,0,0,0,0,0,0,0,0,1,,,,,,,,,,,24,10.1177/15347354231178869,repository
10.25384/sage.23586673,sage.journals,Sage Journals Data,2023,Text,sj-docx-2-ict-10.1177_15347354231178869 – Supplemental material for The Role of Long-Term Physical Activity in Relation to Cancer-Related Health Outcomes: A 12-Month Follow-up of the Phys-Can RCT,SAGE Journals,2023-06-27T12:18:11Z,2024-08-28T11:23:32Z,0,,1,0,1,0,0,0,0,0,0,0,0,0,1,,,,,,,,,,,24,10.1177/15347354231178869,repository
10.25384/sage.23586673.v1,sage.journals,Sage Journals Data,2023,Text,sj-docx-2-ict-10.1177_15347354231178869 – Supplemental material for The Role of Long-Term Physical Activity in Relation to Cancer-Related Health Outcomes: A 12-Month Follow-up of the Phys-Can RCT,SAGE Journals,2023-06-27T12:18:11Z,2024-08-28T11:22:50Z,0,,1,0,1,0,0,0,0,0,0,0,0,0,1,,,,,,,,,,,24,10.1177/15347354231178869,repository
10.25384/sage.c.6715474,sage.journals,Sage Journals Data,2023,Collection,The Role of Long-Term Physical Activity in Relation to Cancer-Related Health Outcomes: A 12-Month Follow-up of the Phys-Can RCT,SAGE Journals,2023-06-27T12:18:11Z,2024-08-28T11:23:19Z,0,,1,0,1,0,0,0,0,0,0,0,0,0,1,1,,,,,,,,,,19,,repository
10.25384/sage.c.6715474.v1,sage.journals,Sage Journals Data,2023,Collection,The Role of Long-Term Physical Activity in Relation to Cancer-Related Health Outcomes: A 12-Month Follow-up of the Phys-Can RCT,SAGE Journals,2023-06-27T12:18:11Z,2024-08-28T11:23:14Z,0,,1,0,1,0,0,0,0,0,0,0,0,0,1,1,,,,,,,,,,19,,repository
10.21427/qesb-2h85,tudublin.arrow,ARROW@TU Dublin,2023,Text,On A Computer Science Master Program For Sustainable Development,European Society for Engineering Education (SEFI),2023-10-04T16:01:41Z,2023-10-04T16:01:41Z,0,,1,0,1,0,0,0,0,0,0,0,0,0,1,,,,,,,,,,,9,,repository
10.21427/cfdr-mx42,tudublin.arrow,ARROW@TU Dublin,2023,Text,A Three-Year Academic Track Towards Literacy In Sustainable Development - A Computer Science Study Program Case,European Society for Engineering Education (SEFI),2023-10-10T12:11:42Z,2023-10-10T12:11:42Z,0,,1,0,1,0,0,0,0,0,0,0,0,0,1,,,,,,,,,,,16,,repository
10.21427/n8kg-2d29,tudublin.arrow,ARROW@TU Dublin,2023,Text,Engaging Students Through Innovation In Computer Science Education,European Society for Engineering Education (SEFI),2023-10-10T12:22:05Z,2023-10-10T12:22:05Z,0,,1,0,1,0,0,0,0,0,0,0,0,0,1,,,,,,,,,,,8,,repository
10.13140/rg.2.2.16972.80003,rg.rg,ResearchGate,2023,Text,Slutrapport Aptitlig digitalisering,Kristianstad University,2023-10-16T18:38:50Z,2025-10-21T09:55:10Z,1,,0,0,1,0,0,0,0,0,0,0,0,0,1,,,,,,,,,,,3,,repository
10.17632/svtnsvvw5f,bl.mendeley,Mendeley Data,2023,Dataset,Voting beyond borders,Mendeley Data,2023-12-12T19:01:02Z,2025-05-01T01:37:34Z,0,,0,1,0,0,0,0,0,0,0,0,0,0,1,,,,,,,,,,,3,,repository
10.17632/svtnsvvw5f.1,bl.mendeley,Mendeley Data,2023,Dataset,Voting beyond borders,Mendeley Data,2023-12-12T19:01:04Z,2023-12-12T19:01:04Z,0,,0,1,1,0,0,0,0,0,0,0,0,0,1,,,,,,,,,,,3,,repository
10.6084/m9.figshare.24953114,figshare.ars,figshare Academic Research System,2024,Text,Additional file 1 of Convergent and discriminant validity of the Minimal Eating Observation Form – version II: a cross-sectional study,figshare,2024-01-06T04:42:09Z,2024-01-06T04:42:10Z,0,,1,0,1,0,0,0,0,0,0,0,0,0,1,,,,,,,,,,,20,,repository
10.6084/m9.figshare.24953114.v1,figshare.ars,figshare Academic Research System,2024,Text,Additional file 1 of Convergent and discriminant validity of the Minimal Eating Observation Form – version II: a cross-sectional study,figshare,2024-01-06T04:42:09Z,2024-01-06T04:42:10Z,0,,1,0,1,0,0,0,0,0,0,0,0,0,1,,,,,,,,,,,20,,repository
10.6084/m9.figshare.c.7011647,figshare.ars,figshare Academic Research System,2024,Collection,Convergent and discriminant validity of the Minimal Eating Observation Form – version II: a cross-sectional study,figshare,2024-01-06T04:42:10Z,2024-01-06T04:42:11Z,0,,1,0,1,0,0,0,0,0,0,0,0,0,1,,,,,,,,,,,16,,repository
10.6084/m9.figshare.c.7011647.v1,figshare.ars,figshare Academic Research System,2024,Collection,Convergent and discriminant validity of the Minimal Eating Observation Form – version II: a cross-sectional study,figshare,2024-01-06T04:42:10Z,2024-01-06T04:42:11Z,0,,1,0,1,0,0,0,0,0,0,0,0,0,1,,,,,,,,,,,16,,repository
10.5061/dryad.hhmgqnkp8,dryad.dryad,DRYAD,2024,Dataset,Selection of a diversionary field and other habitats by large grazing birds in a landscape managed for agriculture and wetland biodiversity,Dryad,2024-01-14T21:25:41Z,2025-07-23T12:07:49Z,0,,1,0,1,0,0,0,0,0,0,0,0,0,1,1,,,,,,,,,,21,,repository
10.5061/dryad.2z34tmpt4,dryad.dryad,DRYAD,2024,Dataset,Climate change-induced shifts in survival and size of the worlds’ northernmost oviparous snake: a 68-year study,Dryad,2024-01-31T18:32:08Z,2025-07-23T12:13:51Z,0,,1,0,1,0,0,0,0,0,0,0,0,0,1,1,,,,,,,,,,16,,repository
10.5061/dryad.mgqnk995r,dryad.dryad,DRYAD,2024,Dataset,Raw GPS data of wild and farmed mallards in southern Sweden,Dryad,2024-02-09T16:33:56Z,2025-07-23T12:30:25Z,0,,1,0,1,0,0,0,0,0,0,0,0,0,1,1,,,,,,,,,,11,,repository
10.6084/m9.figshare.25282810,figshare.ars,figshare Academic Research System,2024,Text,Additional file 1 of Development and quality assessment of the psychometric properties of the Self-Efficacy in Lifestyle Counselling scale (SELC 20 + 20) using Rasch analysis,figshare,2024-02-24T04:40:55Z,2024-08-18T15:58:32Z,0,,1,0,1,0,0,0,0,0,0,0,0,0,1,,,,,,,,,,,26,,repository
10.6084/m9.figshare.25282810.v1,figshare.ars,figshare Academic Research System,2024,Text,Additional file 1 of Development and quality assessment of the psychometric properties of the Self-Efficacy in Lifestyle Counselling scale (SELC 20 + 20) using Rasch analysis,figshare,2024-02-24T04:40:55Z,2024-08-18T15:58:32Z,0,,1,0,1,0,0,0,0,0,0,0,0,0,1,,,,,,,,,,,26,,repository
10.6084/m9.figshare.25434139,figshare.ars,figshare Academic Research System,2024,Text,Additional file 1 of Nurses’ experiences of integrating the salutogenic perspective with person-centered care for older people in Swedish nursing home care: an interview-based qualitative study,figshare,2024-03-19T06:40:45Z,2024-03-19T06:40:47Z,0,,1,0,1,0,0,0,0,0,0,0,0,0,1,,,,,,,,,,,26,,repository
10.6084/m9.figshare.25434139.v1,figshare.ars,figshare Academic Research System,2024,Text,Additional file 1 of Nurses’ experiences of integrating the salutogenic perspective with person-centered care for older people in Swedish nursing home care: an interview-based qualitative study,figshare,2024-03-19T06:40:45Z,2024-03-19T06:40:46Z,0,,1,0,1,0,0,0,0,0,0,0,0,0,1,,,,,,,,,,,26,,repository
10.6084/m9.figshare.c.7127791,figshare.ars,figshare Academic Research System,2024,Collection,Nurses’ experiences of integrating the salutogenic perspective with person-centered care for older people in Swedish nursing home care: an interview-based qualitative study,figshare,2024-03-19T06:40:46Z,2024-03-19T06:40:47Z,0,,1,0,1,0,0,0,0,0,0,0,0,0,1,1,,,OPEN,,,,,,,22,,repository
10.6084/m9.figshare.c.7127791.v1,figshare.ars,figshare Academic Research System,2024,Collection,Nurses’ experiences of integrating the salutogenic perspective with person-centered care for older people in Swedish nursing home care: an interview-based qualitative study,figshare,2024-03-19T06:40:46Z,2024-03-19T06:40:47Z,0,,1,0,1,0,0,0,0,0,0,0,0,0,1,1,,,OPEN,,,,,,,22,,repository
10.60692/pd74y-prg61,iapx.bsycxq,Greater South Information System,2022,Text,Insomnia thresholds and associated factors among Omani university students,OpenAlex,2024-05-09T13:14:22Z,2024-05-13T00:37:36Z,0,,1,0,1,0,0,0,0,0,0,0,0,0,1,,,,,,,,,,,9,,repository
10.60692/qht64-hjv16,iapx.bsycxq,Greater South Information System,2022,Text,Insomnia thresholds and associated factors among Omani university students,OpenAlex,2024-05-09T13:14:22Z,2024-05-13T00:37:36Z,0,,1,0,0,1,0,0,0,0,0,0,0,0,1,,,,,,,,,,,9,,repository
10.60692/9ahv9-0hr34,iapx.bsycxq,Greater South Information System,2022,Text,Diverse aging rates in ectothermic tetrapods provide insights for the evolution of aging and longevity,OpenAlex,2024-05-15T11:37:30Z,2024-05-16T11:12:50Z,0,,1,0,0,1,0,0,0,0,0,0,0,0,1,,,,,,,,,,,15,,repository
10.60692/sh2e8-mqf50,iapx.bsycxq,Greater South Information System,2022,Text,Diverse aging rates in ectothermic tetrapods provide insights for the evolution of aging and longevity,OpenAlex,2024-05-15T11:37:30Z,2024-05-16T11:12:50Z,0,,1,0,1,0,0,0,0,0,0,0,0,0,1,,,,,,,,,,,15,,repository
10.60692/rwyvs-sh367,iapx.bsycxq,Greater South Information System,2018,Text,Harpagophytum germplasm varies in tuber peel and pulp content of important phenylpropanoids and iridoids,OpenAlex,2024-05-23T10:41:00Z,2024-05-23T19:26:18Z,0,,1,0,1,0,0,0,0,0,0,0,0,0,1,,,,,,,,,,,14,,repository
10.60692/stkw0-v0472,iapx.bsycxq,Greater South Information System,2018,Text,Harpagophytum germplasm varies in tuber peel and pulp content of important phenylpropanoids and iridoids,OpenAlex,2024-05-23T10:41:00Z,2024-05-23T19:26:18Z,0,,1,0,0,1,0,0,0,0,0,0,0,0,1,,,,,,,,,,,14,,repository
10.60692/xkrt8-bwf05,iapx.bsycxq,Greater South Information System,2016,Text,Pharmaceutical Residues Affecting the UNESCO Biosphere Reserve Kristianstads Vattenrike Wetlands: Sources and Sinks,OpenAlex,2024-06-07T05:39:31Z,2024-06-11T05:39:31Z,0,,1,0,1,0,0,0,0,0,0,0,0,0,1,,,,,,,,,,,13,,repository
10.60692/063p6-p5159,iapx.bsycxq,Greater South Information System,2016,Text,Pharmaceutical Residues Affecting the UNESCO Biosphere Reserve Kristianstads Vattenrike Wetlands: Sources and Sinks,OpenAlex,2024-06-07T05:39:32Z,2024-06-11T05:39:31Z,0,,1,0,0,1,0,0,0,0,0,0,0,0,1,,,,,,,,,,,13,,repository
10.60692/957cb-53x08,iapx.bsycxq,Greater South Information System,2014,Text,"Experiencing challenges when implementing Active Management of Third Stage of Labor (AMTSL): a qualitative study with midwives in Accra, Ghana",OpenAlex,2024-06-08T00:42:55Z,2024-06-12T00:42:49Z,0,,1,0,1,0,0,0,0,0,0,0,0,0,1,,,,,,,,,,,20,,repository
10.60692/xfxvj-mbf60,iapx.bsycxq,Greater South Information System,2014,Text,"Experiencing challenges when implementing Active Management of Third Stage of Labor (AMTSL): a qualitative study with midwives in Accra, Ghana",OpenAlex,2024-06-08T00:42:55Z,2024-06-12T00:42:49Z,0,,1,0,0,1,0,0,0,0,0,0,0,0,1,,,,,,,,,,,20,,repository
10.60692/138hv-byg10,iapx.bsycxq,Greater South Information System,2024,Text,Reducing the number of grazing geese on agricultural fields - Effectiveness of different scaring techniques,OpenAlex,2024-06-14T10:40:22Z,2024-06-18T10:40:21Z,0,,1,0,1,0,0,0,0,0,0,0,0,0,1,,,,,,,,,,,15,,repository
10.60692/r7twy-va985,iapx.bsycxq,Greater South Information System,2024,Text,Reducing the number of grazing geese on agricultural fields - Effectiveness of different scaring techniques,OpenAlex,2024-06-14T10:40:22Z,2024-06-18T10:40:21Z,0,,1,0,0,1,0,0,0,0,0,0,0,0,1,,,,,,,,,,,15,,repository
10.60692/njhrz-gp305,iapx.bsycxq,Greater South Information System,2023,Text,"Why nature matters: A systematic review of intrinsic, instrumental, and relational values",OpenAlex,2024-06-20T15:03:59Z,2024-06-22T21:58:54Z,0,,1,0,0,1,0,0,0,0,0,0,0,0,1,,,,,,,,,,,12,,repository
10.60692/wkkqp-72h10,iapx.bsycxq,Greater South Information System,2023,Text,"Why nature matters: A systematic review of intrinsic, instrumental, and relational values",OpenAlex,2024-06-20T15:03:59Z,2024-06-22T21:58:54Z,0,,1,0,1,0,0,0,0,0,0,0,0,0,1,,,,,,,,,,,12,,repository
10.60692/hg9mz-s5w97,iapx.bsycxq,Greater South Information System,2022,Text,A Comprehensive Health Effects Assessment of the Use of Sanitizers and Disinfectants during COVID-19 Pandemic: A Global Survey,OpenAlex,2024-06-21T02:43:58Z,2024-06-23T01:37:09Z,0,,1,0,1,0,0,0,0,0,0,0,0,0,1,,,,,,,,,,,18,,repository
10.60692/mce4p-kqj86,iapx.bsycxq,Greater South Information System,2022,Text,A Comprehensive Health Effects Assessment of the Use of Sanitizers and Disinfectants during COVID-19 Pandemic: A Global Survey,OpenAlex,2024-06-21T02:43:58Z,2024-06-23T01:37:09Z,0,,1,0,0,1,0,0,0,0,0,0,0,0,1,,,,,,,,,,,18,,repository
10.60692/nj6ak-g6506,iapx.bsycxq,Greater South Information System,2022,Text,Adaptive mobility-aware and reliable routing protocols for healthcare vehicular network,OpenAlex,2024-07-02T20:49:06Z,2024-07-02T20:49:07Z,0,,1,0,0,1,0,0,0,0,0,0,0,0,1,,,,,,,,,,,10,,repository
10.60692/tjq5r-xxg69,iapx.bsycxq,Greater South Information System,2022,Text,Adaptive mobility-aware and reliable routing protocols for healthcare vehicular network,OpenAlex,2024-07-02T20:49:06Z,2024-07-02T20:49:07Z,0,,1,0,1,0,0,0,0,0,0,0,0,0,1,,,,,,,,,,,10,,repository
10.60692/1gv4y-j7064,iapx.bsycxq,Greater South Information System,2013,Text,Effects of Ionizing Radiation on Embryos of the Tardigrade Milnesium cf. tardigradum at Different Stages of Development,OpenAlex,2024-07-03T19:32:25Z,2024-07-03T19:32:26Z,0,,1,0,0,1,0,0,0,0,0,0,0,0,1,,,,,,,,,,,17,,repository
10.60692/4e1xm-ghh80,iapx.bsycxq,Greater South Information System,2013,Text,Effects of Ionizing Radiation on Embryos of the Tardigrade Milnesium cf. tardigradum at Different Stages of Development,OpenAlex,2024-07-03T19:32:25Z,2024-07-03T19:32:26Z,0,,1,0,1,0,0,0,0,0,0,0,0,0,1,,,,,,,,,,,17,,repository
10.60692/0w891-d5a82,iapx.bsycxq,Greater South Information System,2022,Text,AI-driven adaptive reliable and sustainable approach for internet of things enabled healthcare system,OpenAlex,2024-07-24T04:48:12Z,2024-07-24T04:48:43Z,0,,1,0,1,0,0,0,0,0,0,0,0,0,1,,,,,,,,,,,13,,repository
10.60692/bp0yx-71h65,iapx.bsycxq,Greater South Information System,2022,Text,AI-driven adaptive reliable and sustainable approach for internet of things enabled healthcare system,OpenAlex,2024-07-24T04:48:12Z,2024-07-24T04:48:43Z,0,,1,0,0,1,0,0,0,0,0,0,0,0,1,,,,,,,,,,,13,,repository
10.60692/42zvk-syq64,iapx.bsycxq,Greater South Information System,2021,Text,Cost-efficient service selection and execution and blockchain-enabled serverless network for internet of medical things,OpenAlex,2024-07-24T04:57:08Z,2024-07-24T04:57:09Z,0,,1,0,0,1,0,0,0,0,0,0,0,0,1,,,,,,,,,,,14,,repository
10.60692/zwxpd-0st37,iapx.bsycxq,Greater South Information System,2021,Text,Cost-efficient service selection and execution and blockchain-enabled serverless network for internet of medical things,OpenAlex,2024-07-24T04:57:08Z,2024-07-24T04:57:09Z,0,,1,0,1,0,0,0,0,0,0,0,0,0,1,,,,,,,,,,,14,,repository
10.60692/dt8gj-1k579,iapx.bsycxq,Greater South Information System,2021,Text,Secure and failure hybrid delay enabled a lightweight RPC and SHDS schemes in Industry 4.0 aware IIoHT enabled fog computing,OpenAlex,2024-07-24T05:53:23Z,2024-07-24T05:53:24Z,0,,1,0,1,0,0,0,0,0,0,0,0,0,1,,,,,,,,,,,20,,repository
10.60692/fphgt-gyn15,iapx.bsycxq,Greater South Information System,2021,Text,Secure and failure hybrid delay enabled a lightweight RPC and SHDS schemes in Industry 4.0 aware IIoHT enabled fog computing,OpenAlex,2024-07-24T05:53:23Z,2024-07-24T05:53:24Z,0,,1,0,0,1,0,0,0,0,0,0,0,0,1,,,,,,,,,,,20,,repository
10.6084/m9.figshare.26591780,figshare.ars,figshare Academic Research System,2024,Text,Additional file 1 of Public health nurses experience of mental health encounters in the context of primary health care: a constructivist grounded theory study,figshare,2024-08-13T16:50:42Z,2024-08-14T10:13:45Z,0,,1,0,1,0,0,0,0,0,0,0,0,0,1,,,,,,,,,,,24,,repository
10.6084/m9.figshare.26591780.v1,figshare.ars,figshare Academic Research System,2024,Text,Additional file 1 of Public health nurses experience of mental health encounters in the context of primary health care: a constructivist grounded theory study,figshare,2024-08-13T16:50:42Z,2024-08-14T10:13:39Z,0,,1,0,1,0,0,0,0,0,0,0,0,0,1,,,,,,,,,,,24,,repository
10.6084/m9.figshare.c.6665796,figshare.ars,figshare Academic Research System,2024,Collection,Public health nurses experience of mental health encounters in the context of primary health care: a constructivist grounded theory study,figshare,2024-08-13T16:50:42Z,2024-08-13T16:50:43Z,0,,1,0,1,0,0,0,0,0,0,0,0,0,1,1,,,OPEN,,,,,,,20,,repository
10.6084/m9.figshare.c.6665796.v1,figshare.ars,figshare Academic Research System,2024,Collection,Public health nurses experience of mental health encounters in the context of primary health care: a constructivist grounded theory study,figshare,2024-08-13T16:50:42Z,2024-08-13T16:50:43Z,0,,1,0,1,0,0,0,0,0,0,0,0,0,1,1,,,OPEN,,,,,,,20,,repository
10.6084/m9.figshare.26609316,figshare.ars,figshare Academic Research System,2024,Text,Additional file 1 of Impact of an Okinawa/Nordic based diet on endocrinological and periodontal conditions in individuals with type 2 diabetes. A randomized case–control study,figshare,2024-08-13T20:56:16Z,2024-08-14T23:14:37Z,0,,1,0,1,0,0,0,0,0,0,0,0,0,1,,,,,,,,,,,25,,repository
10.6084/m9.figshare.26609316.v1,figshare.ars,figshare Academic Research System,2024,Text,Additional file 1 of Impact of an Okinawa/Nordic based diet on endocrinological and periodontal conditions in individuals with type 2 diabetes. A randomized case–control study,figshare,2024-08-13T20:56:16Z,2024-08-14T23:15:07Z,0,,1,0,1,0,0,0,0,0,0,0,0,0,1,,,,,,,,,,,25,,repository
10.6084/m9.figshare.c.6780670,figshare.ars,figshare Academic Research System,2024,Collection,Impact of an Okinawa/Nordic based diet on endocrinological and periodontal conditions in individuals with type 2 diabetes. A randomized case–control study,figshare,2024-08-13T20:56:17Z,2024-08-13T20:56:17Z,0,,1,0,1,0,0,0,0,0,0,0,0,0,1,1,,,OPEN,,,,,,,21,,repository
10.6084/m9.figshare.c.6780670.v1,figshare.ars,figshare Academic Research System,2024,Collection,Impact of an Okinawa/Nordic based diet on endocrinological and periodontal conditions in individuals with type 2 diabetes. A randomized case–control study,figshare,2024-08-13T20:56:17Z,2024-08-13T20:56:18Z,0,,1,0,1,0,0,0,0,0,0,0,0,0,1,1,,,OPEN,,,,,,,21,,repository
10.6084/m9.figshare.26661146,figshare.ars,figshare Academic Research System,2024,Text,Additional file 1 of Access to automated comparative feedback reports in primary care – a study of intensity of use and relationship with clinical performance among Swedish primary care practices,figshare,2024-08-14T12:40:52Z,2024-08-14T12:40:54Z,0,,1,0,1,0,0,0,0,0,0,0,0,0,1,,,,,,,,,,,30,,repository
10.6084/m9.figshare.26661146.v1,figshare.ars,figshare Academic Research System,2024,Text,Additional file 1 of Access to automated comparative feedback reports in primary care – a study of intensity of use and relationship with clinical performance among Swedish primary care practices,figshare,2024-08-14T12:40:52Z,2024-08-14T12:40:54Z,0,,1,0,1,0,0,0,0,0,0,0,0,0,1,,,,,,,,,,,30,,repository
10.6084/m9.figshare.26661149,figshare.ars,figshare Academic Research System,2024,Text,Additional file 2 of Access to automated comparative feedback reports in primary care – a study of intensity of use and relationship with clinical performance among Swedish primary care practices,figshare,2024-08-14T12:40:54Z,2024-08-14T12:40:55Z,0,,1,0,1,0,0,0,0,0,0,0,0,0,1,,,,,,,,,,,30,,repository
10.6084/m9.figshare.26661149.v1,figshare.ars,figshare Academic Research System,2024,Text,Additional file 2 of Access to automated comparative feedback reports in primary care – a study of intensity of use and relationship with clinical performance among Swedish primary care practices,figshare,2024-08-14T12:40:54Z,2024-08-14T12:40:55Z,0,,1,0,1,0,0,0,0,0,0,0,0,0,1,,,,,,,,,,,30,,repository
10.6084/m9.figshare.c.7009619,figshare.ars,figshare Academic Research System,2024,Collection,Access to automated comparative feedback reports in primary care – a study of intensity of use and relationship with clinical performance among Swedish primary care practices,figshare,2024-08-14T12:40:55Z,2024-08-14T12:40:56Z,0,,1,0,1,0,0,0,0,0,0,0,0,0,1,1,,,OPEN,,,,,,,26,,repository
10.6084/m9.figshare.c.7009619.v1,figshare.ars,figshare Academic Research System,2024,Collection,Access to automated comparative feedback reports in primary care – a study of intensity of use and relationship with clinical performance among Swedish primary care practices,figshare,2024-08-14T12:40:55Z,2024-08-14T12:40:56Z,0,,1,0,1,0,0,0,0,0,0,0,0,0,1,1,,,OPEN,,,,,,,26,,repository
10.6084/m9.figshare.25282915,figshare.ars,figshare Academic Research System,2024,Text,Additional file 2 of Development and quality assessment of the psychometric properties of the Self-Efficacy in Lifestyle Counselling scale (SELC 20 + 20) using Rasch analysis,figshare,2024-08-14T23:32:15Z,2024-08-18T15:58:32Z,0,,1,0,1,0,0,0,0,0,0,0,0,0,1,,,,,,,,,,,26,,repository
10.6084/m9.figshare.25282915.v1,figshare.ars,figshare Academic Research System,2024,Text,Additional file 2 of Development and quality assessment of the psychometric properties of the Self-Efficacy in Lifestyle Counselling scale (SELC 20 + 20) using Rasch analysis,figshare,2024-08-14T23:32:15Z,2024-08-18T15:58:32Z,0,,1,0,1,0,0,0,0,0,0,0,0,0,1,,,,,,,,,,,26,,repository
10.6084/m9.figshare.c.7089925,figshare.ars,figshare Academic Research System,2024,Collection,Development and quality assessment of the psychometric properties of the Self-Efficacy in Lifestyle Counselling scale (SELC 20 + 20) using Rasch analysis,figshare,2024-08-18T15:58:32Z,2024-08-18T15:58:33Z,0,,1,0,1,0,0,0,0,0,0,0,0,0,1,1,,,OPEN,,,,,,,22,,repository
10.6084/m9.figshare.c.7089925.v1,figshare.ars,figshare Academic Research System,2024,Collection,Development and quality assessment of the psychometric properties of the Self-Efficacy in Lifestyle Counselling scale (SELC 20 + 20) using Rasch analysis,figshare,2024-08-18T15:58:32Z,2024-08-18T15:58:33Z,0,,1,0,1,0,0,0,0,0,0,0,0,0,1,1,,,OPEN,,,,,,,22,,repository
10.5061/dryad.3bk3j9kv5,dryad.dryad,DRYAD,2024,Dataset,Data from: Individual responses of GPS-tagged geese scared off crops by drones or walking humans,Dryad,2024-08-21T03:19:52Z,2025-07-23T14:59:45Z,0,,1,0,1,0,0,0,0,0,0,0,0,0,1,1,,,,,,,,,,15,,repository
10.6084/m9.figshare.26793709,figshare.ars,figshare Academic Research System,2024,Text,Additional file 1 of Added predictive value of prehospital measurement of point-of-care lactate in an adult general EMS population in Sweden: a multi-centre observational study,figshare,2024-08-21T03:40:30Z,2024-08-21T13:56:40Z,0,,1,0,1,0,0,0,0,0,0,0,0,0,1,,,,,,,,,,,25,,repository
10.6084/m9.figshare.26793709.v1,figshare.ars,figshare Academic Research System,2024,Text,Additional file 1 of Added predictive value of prehospital measurement of point-of-care lactate in an adult general EMS population in Sweden: a multi-centre observational study,figshare,2024-08-21T03:40:30Z,2024-08-21T13:56:40Z,0,,1,0,1,0,0,0,0,0,0,0,0,0,1,,,,,,,,,,,25,,repository
10.6084/m9.figshare.26793801,figshare.ars,figshare Academic Research System,2024,Text,Additional file 2 of Added predictive value of prehospital measurement of point-of-care lactate in an adult general EMS population in Sweden: a multi-centre observational study,figshare,2024-08-21T13:56:39Z,2024-08-21T13:56:45Z,0,,1,0,1,0,0,0,0,0,0,0,0,0,1,,,,,,,,,,,25,,repository
10.6084/m9.figshare.26793801.v1,figshare.ars,figshare Academic Research System,2024,Text,Additional file 2 of Added predictive value of prehospital measurement of point-of-care lactate in an adult general EMS population in Sweden: a multi-centre observational study,figshare,2024-08-21T13:56:39Z,2024-08-21T13:56:45Z,0,,1,0,1,0,0,0,0,0,0,0,0,0,1,,,,,,,,,,,25,,repository
10.6084/m9.figshare.c.7411813,figshare.ars,figshare Academic Research System,2024,Collection,Added predictive value of prehospital measurement of point-of-care lactate in an adult general EMS population in Sweden: a multi-centre observational study,figshare,2024-08-21T13:56:40Z,2024-08-21T13:56:41Z,0,,1,0,1,0,0,0,0,0,0,0,0,0,1,1,,,OPEN,,,,,,,21,,repository
10.6084/m9.figshare.c.7411813.v1,figshare.ars,figshare Academic Research System,2024,Collection,Added predictive value of prehospital measurement of point-of-care lactate in an adult general EMS population in Sweden: a multi-centre observational study,figshare,2024-08-21T13:56:40Z,2024-08-21T13:56:41Z,0,,1,0,1,0,0,0,0,0,0,0,0,0,1,1,,,OPEN,,,,,,,21,,repository
10.6084/m9.figshare.26829019,figshare.ars,figshare Academic Research System,2024,Text,"Additional file 1 of Adulthood weight changes, body mass index in youth, genetic susceptibility and risk of atrial fibrillation: a population-based cohort study",figshare,2024-08-26T03:20:17Z,2024-08-26T03:26:51Z,0,,1,0,1,0,0,0,0,0,0,0,0,0,1,,,,,,,,,,,23,,repository
10.6084/m9.figshare.26829019.v1,figshare.ars,figshare Academic Research System,2024,Text,"Additional file 1 of Adulthood weight changes, body mass index in youth, genetic susceptibility and risk of atrial fibrillation: a population-based cohort study",figshare,2024-08-26T03:20:17Z,2024-08-26T03:26:50Z,0,,1,0,1,0,0,0,0,0,0,0,0,0,1,,,,,,,,,,,23,,repository
10.6084/m9.figshare.c.7418098,figshare.ars,figshare Academic Research System,2024,Collection,"Adulthood weight changes, body mass index in youth, genetic susceptibility and risk of atrial fibrillation: a population-based cohort study",figshare,2024-08-26T03:20:18Z,2024-08-26T03:20:19Z,0,,1,0,1,0,0,0,0,0,0,0,0,0,1,1,,,OPEN,,,,,,,19,,repository
10.6084/m9.figshare.c.7418098.v1,figshare.ars,figshare Academic Research System,2024,Collection,"Adulthood weight changes, body mass index in youth, genetic susceptibility and risk of atrial fibrillation: a population-based cohort study",figshare,2024-08-26T03:23:14Z,2024-08-26T03:23:15Z,0,,1,0,1,0,0,0,0,0,0,0,0,0,1,1,,,OPEN,,,,,,,19,,repository
10.6084/m9.figshare.27019256,figshare.ars,figshare Academic Research System,2024,Text,Additional file 1 of Cost-effectiveness of proton beam therapy vs. conventional radiotherapy for patients with brain tumors in Sweden: results from a non-randomized prospective multicenter study,figshare,2024-09-14T03:36:07Z,2024-09-14T03:56:41Z,0,,1,0,1,0,0,0,0,0,0,0,0,0,1,,,,,,,,,,,26,10.1186/s12962-024-00577-6,repository
10.6084/m9.figshare.27019256.v1,figshare.ars,figshare Academic Research System,2024,Text,Additional file 1 of Cost-effectiveness of proton beam therapy vs. conventional radiotherapy for patients with brain tumors in Sweden: results from a non-randomized prospective multicenter study,figshare,2024-09-14T03:36:07Z,2024-09-14T03:43:41Z,0,,1,0,1,0,0,0,0,0,0,0,0,0,1,,,,,,,,,,,26,10.1186/s12962-024-00577-6,repository
10.6084/m9.figshare.c.7449368,figshare.ars,figshare Academic Research System,2024,Collection,Cost-effectiveness of proton beam therapy vs. conventional radiotherapy for patients with brain tumors in Sweden: results from a non-randomized prospective multicenter study,figshare,2024-09-14T03:36:08Z,2024-09-14T03:36:09Z,0,,1,0,1,0,0,0,0,0,0,0,0,0,1,1,,,OPEN,,,,,,,22,,repository
10.6084/m9.figshare.c.7449368.v1,figshare.ars,figshare Academic Research System,2024,Collection,Cost-effectiveness of proton beam therapy vs. conventional radiotherapy for patients with brain tumors in Sweden: results from a non-randomized prospective multicenter study,figshare,2024-09-14T03:36:09Z,2024-09-14T03:36:10Z,0,,1,0,1,0,0,0,0,0,0,0,0,0,1,1,,,OPEN,,,,,,,22,,repository
10.6084/m9.figshare.c.7476159,figshare.ars,figshare Academic Research System,2024,Collection,A preventive care approach for oral health in nursing homes: a qualitative study of healthcare workers’ experiences,figshare,2024-10-02T05:58:34Z,2024-10-02T05:58:35Z,0,,1,0,1,0,0,0,0,0,0,0,0,0,1,1,,,OPEN,,,,,,,17,,repository
10.6084/m9.figshare.c.7476159.v1,figshare.ars,figshare Academic Research System,2024,Collection,A preventive care approach for oral health in nursing homes: a qualitative study of healthcare workers’ experiences,figshare,2024-10-02T05:58:35Z,2024-10-02T05:58:36Z,0,,1,0,1,0,0,0,0,0,0,0,0,0,1,1,,,OPEN,,,,,,,17,,repository
10.6084/m9.figshare.27149766,figshare.ars,figshare Academic Research System,2024,Text,Additional file 1 of A preventive care approach for oral health in nursing homes: a qualitative study of healthcare workers’ experiences,figshare,2024-10-02T05:58:49Z,2024-10-02T05:58:55Z,0,,1,0,1,0,0,0,0,0,0,0,0,0,1,,,,,,,,,,,21,10.1186/s12877-024-05396-1,repository
10.6084/m9.figshare.27149766.v1,figshare.ars,figshare Academic Research System,2024,Text,Additional file 1 of A preventive care approach for oral health in nursing homes: a qualitative study of healthcare workers’ experiences,figshare,2024-10-02T05:58:49Z,2024-10-02T05:58:54Z,0,,1,0,1,0,0,0,0,0,0,0,0,0,1,,,,,,,,,,,21,10.1186/s12877-024-05396-1,repository
10.6084/m9.figshare.27149769,figshare.ars,figshare Academic Research System,2024,Text,Additional file 2 of A preventive care approach for oral health in nursing homes: a qualitative study of healthcare workers’ experiences,figshare,2024-10-02T05:58:50Z,2024-10-02T05:58:55Z,0,,1,0,1,0,0,0,0,0,0,0,0,0,1,,,,,,,,,,,21,10.1186/s12877-024-05396-1,repository
10.6084/m9.figshare.27149769.v1,figshare.ars,figshare Academic Research System,2024,Text,Additional file 2 of A preventive care approach for oral health in nursing homes: a qualitative study of healthcare workers’ experiences,figshare,2024-10-02T05:58:51Z,2024-10-02T05:58:55Z,0,,1,0,1,0,0,0,0,0,0,0,0,0,1,,,,,,,,,,,21,10.1186/s12877-024-05396-1,repository
10.6084/m9.figshare.27149772,figshare.ars,figshare Academic Research System,2024,Text,Additional file 3 of A preventive care approach for oral health in nursing homes: a qualitative study of healthcare workers’ experiences,figshare,2024-10-02T05:58:53Z,2024-10-02T05:58:56Z,0,,1,0,1,0,0,0,0,0,0,0,0,0,1,,,,,,,,,,,21,10.1186/s12877-024-05396-1,repository
10.6084/m9.figshare.27149772.v1,figshare.ars,figshare Academic Research System,2024,Text,Additional file 3 of A preventive care approach for oral health in nursing homes: a qualitative study of healthcare workers’ experiences,figshare,2024-10-02T05:58:54Z,2024-10-02T05:58:56Z,0,,1,0,1,0,0,0,0,0,0,0,0,0,1,,,,,,,,,,,21,10.1186/s12877-024-05396-1,repository
10.6084/m9.figshare.27191606,figshare.ars,figshare Academic Research System,2024,Text,Additional file 1 of The performance of screening tools and use of blood analyses in prehospital identification of sepsis patients and patients suitable for non-conveyance - an observational study,figshare,2024-10-09T03:30:10Z,2024-10-09T03:30:14Z,0,,1,0,1,0,0,0,0,0,0,0,0,0,1,,,,,,,,,,,29,10.1186/s12873-024-01098-4,repository
10.6084/m9.figshare.27191606.v1,figshare.ars,figshare Academic Research System,2024,Text,Additional file 1 of The performance of screening tools and use of blood analyses in prehospital identification of sepsis patients and patients suitable for non-conveyance - an observational study,figshare,2024-10-09T03:30:10Z,2024-10-09T03:30:14Z,0,,1,0,1,0,0,0,0,0,0,0,0,0,1,,,,,,,,,,,29,10.1186/s12873-024-01098-4,repository
10.6084/m9.figshare.27191609,figshare.ars,figshare Academic Research System,2024,Text,Additional file 2 of The performance of screening tools and use of blood analyses in prehospital identification of sepsis patients and patients suitable for non-conveyance - an observational study,figshare,2024-10-09T03:30:11Z,2024-10-09T03:30:14Z,0,,1,0,1,0,0,0,0,0,0,0,0,0,1,,,,,,,,,,,29,10.1186/s12873-024-01098-4,repository
10.6084/m9.figshare.27191609.v1,figshare.ars,figshare Academic Research System,2024,Text,Additional file 2 of The performance of screening tools and use of blood analyses in prehospital identification of sepsis patients and patients suitable for non-conveyance - an observational study,figshare,2024-10-09T03:30:11Z,2024-10-09T03:30:15Z,0,,1,0,1,0,0,0,0,0,0,0,0,0,1,,,,,,,,,,,29,10.1186/s12873-024-01098-4,repository
10.6084/m9.figshare.27191612,figshare.ars,figshare Academic Research System,2024,Text,Additional file 3 of The performance of screening tools and use of blood analyses in prehospital identification of sepsis patients and patients suitable for non-conveyance - an observational study,figshare,2024-10-09T03:30:12Z,2024-10-09T03:30:15Z,0,,1,0,1,0,0,0,0,0,0,0,0,0,1,,,,,,,,,,,29,10.1186/s12873-024-01098-4,repository
10.6084/m9.figshare.27191612.v1,figshare.ars,figshare Academic Research System,2024,Text,Additional file 3 of The performance of screening tools and use of blood analyses in prehospital identification of sepsis patients and patients suitable for non-conveyance - an observational study,figshare,2024-10-09T03:30:13Z,2024-10-09T03:30:15Z,0,,1,0,1,0,0,0,0,0,0,0,0,0,1,,,,,,,,,,,29,10.1186/s12873-024-01098-4,repository
10.6084/m9.figshare.27191618,figshare.ars,figshare Academic Research System,2024,Text,Additional file 4 of The performance of screening tools and use of blood analyses in prehospital identification of sepsis patients and patients suitable for non-conveyance - an observational study,figshare,2024-10-09T03:30:13Z,2024-10-09T03:30:15Z,0,,1,0,1,0,0,0,0,0,0,0,0,0,1,,,,,,,,,,,29,10.1186/s12873-024-01098-4,repository
10.6084/m9.figshare.27191618.v1,figshare.ars,figshare Academic Research System,2024,Text,Additional file 4 of The performance of screening tools and use of blood analyses in prehospital identification of sepsis patients and patients suitable for non-conveyance - an observational study,figshare,2024-10-09T03:30:14Z,2024-10-09T03:30:15Z,0,,1,0,1,0,0,0,0,0,0,0,0,0,1,,,,,,,,,,,29,10.1186/s12873-024-01098-4,repository
10.6084/m9.figshare.c.7485491,figshare.ars,figshare Academic Research System,2024,Collection,The performance of screening tools and use of blood analyses in prehospital identification of sepsis patients and patients suitable for non-conveyance - an observational study,figshare,2024-10-09T03:30:15Z,2024-10-09T03:30:16Z,0,,1,0,1,0,0,0,0,0,0,0,0,0,1,1,,,OPEN,,,,,,,25,,repository
10.6084/m9.figshare.c.7485491.v1,figshare.ars,figshare Academic Research System,2024,Collection,The performance of screening tools and use of blood analyses in prehospital identification of sepsis patients and patients suitable for non-conveyance - an observational study,figshare,2024-10-09T03:30:15Z,2024-10-09T03:30:16Z,0,,1,0,1,0,0,0,0,0,0,0,0,0,1,1,,,OPEN,,,,,,,25,,repository
10.5281/zenodo.13938530,cern.zenodo,Zenodo,2024,Text,Kristianstad University CoARA Action Plan,Zenodo,2024-10-17T10:22:33Z,2024-10-17T10:22:35Z,0,,1,0,0,1,0,0,0,0,0,0,0,0,1,,,,,,,,,,,5,,repository
10.5281/zenodo.13938531,cern.zenodo,Zenodo,2024,Text,Kristianstad University CoARA Action Plan,Zenodo,2024-10-17T10:22:35Z,2024-10-17T10:22:36Z,0,,1,0,1,0,0,0,0,0,0,0,0,0,1,,,,,,,,,,,5,,repository
10.5061/dryad.xwdbrv1n9,dryad.dryad,DRYAD,2024,Dataset,Data from: Migration of black terns Chlidonias niger and common terns Sterna hirundo between South Sweden and the Atlantic coast of Africa,Dryad,2024-11-20T05:54:58Z,2025-07-23T13:55:08Z,0,,1,0,1,0,0,0,0,0,0,0,0,0,1,1,,,,,,,,,,22,,repository
10.6084/m9.figshare.27872834,figshare.ars,figshare Academic Research System,2024,Text,Additional file 1 of The complexity of needs and roles of family members during breast cancer rehabilitation: a qualitative study,figshare,2024-11-21T04:41:03Z,2024-11-21T04:41:06Z,0,,1,0,1,0,0,0,0,0,0,0,0,0,1,,,,,,,,,,,20,10.1186/s12885-024-13200-x,repository
10.6084/m9.figshare.27872834.v1,figshare.ars,figshare Academic Research System,2024,Text,Additional file 1 of The complexity of needs and roles of family members during breast cancer rehabilitation: a qualitative study,figshare,2024-11-21T04:41:03Z,2024-11-21T04:41:06Z,0,,1,0,1,0,0,0,0,0,0,0,0,0,1,,,,,,,,,,,20,10.1186/s12885-024-13200-x,repository
10.6084/m9.figshare.27872837,figshare.ars,figshare Academic Research System,2024,Text,Additional file 2 of The complexity of needs and roles of family members during breast cancer rehabilitation: a qualitative study,figshare,2024-11-21T04:41:05Z,2024-11-21T04:41:06Z,0,,1,0,1,0,0,0,0,0,0,0,0,0,1,,,,,,,,,,,20,10.1186/s12885-024-13200-x,repository
10.6084/m9.figshare.27872837.v1,figshare.ars,figshare Academic Research System,2024,Text,Additional file 2 of The complexity of needs and roles of family members during breast cancer rehabilitation: a qualitative study,figshare,2024-11-21T04:41:05Z,2024-11-21T04:41:06Z,0,,1,0,1,0,0,0,0,0,0,0,0,0,1,,,,,,,,,,,20,10.1186/s12885-024-13200-x,repository
10.6084/m9.figshare.c.7549784,figshare.ars,figshare Academic Research System,2024,Collection,The complexity of needs and roles of family members during breast cancer rehabilitation: a qualitative study,figshare,2024-11-21T04:41:06Z,2024-11-21T04:41:07Z,0,,1,0,1,0,0,0,0,0,0,0,0,0,1,1,,,OPEN,,,,,,,16,,repository
10.6084/m9.figshare.c.7549784.v1,figshare.ars,figshare Academic Research System,2024,Collection,The complexity of needs and roles of family members during breast cancer rehabilitation: a qualitative study,figshare,2024-11-21T05:23:06Z,2024-11-21T05:23:07Z,0,,1,0,1,0,0,0,0,0,0,0,0,0,1,1,,,OPEN,,,,,,,16,,repository
10.5061/dryad.63xsj3vbg,dryad.dryad,DRYAD,2024,Dataset,Regional differences in crippling rate in greylag geese Anser anser in Sweden,Dryad,2024-11-22T05:16:57Z,2025-07-23T15:59:36Z,0,,1,0,1,0,0,0,0,0,0,0,0,0,1,1,,,OPEN,,,,,,,12,,repository
10.5061/dryad.z8w9ghxq4,dryad.dryad,DRYAD,2025,Dataset,Fearfulness of geese and swans on cropland in winter: A multi-species Flight Initiation Distance approach,Dryad,2025-01-21T07:54:09Z,2025-07-23T16:37:16Z,0,,1,0,1,0,0,0,0,0,0,0,0,0,1,1,,,,,,,,,,15,,repository
10.6084/m9.figshare.28594224,figshare.ars,figshare Academic Research System,2025,Text,Additional file 1 of Strategies for person-centredness at meeting places arranging group exercises for community-dwelling older persons– A focus group study from a stakeholder perspective,figshare,2025-03-14T04:42:35Z,2025-03-14T04:42:36Z,0,,1,0,1,0,0,0,0,0,0,0,0,0,1,,,,,,,,,,,25,10.1186/s12889-025-21843-z,repository
10.6084/m9.figshare.28594224.v1,figshare.ars,figshare Academic Research System,2025,Text,Additional file 1 of Strategies for person-centredness at meeting places arranging group exercises for community-dwelling older persons– A focus group study from a stakeholder perspective,figshare,2025-03-14T04:42:35Z,2025-03-14T04:42:37Z,0,,1,0,1,0,0,0,0,0,0,0,0,0,1,,,,,,,,,,,25,10.1186/s12889-025-21843-z,repository
10.6084/m9.figshare.c.7719291,figshare.ars,figshare Academic Research System,2025,Collection,Strategies for person-centredness at meeting places arranging group exercises for community-dwelling older persons– A focus group study from a stakeholder perspective,figshare,2025-03-14T04:42:35Z,2025-03-14T04:42:36Z,0,,1,0,1,0,0,0,0,0,0,0,0,0,1,1,,,OPEN,,,,,,,21,,repository
10.6084/m9.figshare.c.7719291.v1,figshare.ars,figshare Academic Research System,2025,Collection,Strategies for person-centredness at meeting places arranging group exercises for community-dwelling older persons– A focus group study from a stakeholder perspective,figshare,2025-03-14T04:42:35Z,2025-03-14T04:42:36Z,0,,1,0,1,0,0,0,0,0,0,0,0,0,1,1,,,OPEN,,,,,,,21,,repository
10.5281/zenodo.15365657,cern.zenodo,Zenodo,2025,Book,EthCo for better ethical safety in future healthcare environments,University of Malta,2025-05-08T17:39:23Z,2025-05-08T17:39:24Z,0,,1,0,0,1,0,0,0,0,0,0,0,0,1,,,,,,,,,,,9,,repository
10.5281/zenodo.15365658,cern.zenodo,Zenodo,2025,Book,EthCo for better ethical safety in future healthcare environments,University of Malta,2025-05-08T17:39:23Z,2025-05-08T17:39:24Z,0,,1,0,1,0,0,0,0,0,0,0,0,0,1,,,,,,,,,,,9,,repository
10.6084/m9.figshare.29124159,figshare.ars,figshare Academic Research System,2025,Text,Additional file 1 of Adolescent Interpersonal Behaviours and Mental Health Across Two Swedish Cohorts: 15-Year Trends and One-Year Bidirectional Associations in a Mixed-Methods Study,figshare,2025-05-22T03:35:18Z,2025-05-22T03:35:19Z,0,,1,0,1,0,0,0,0,0,0,0,0,0,1,,,,,,,,,,,24,10.1186/s13034-025-00913-5,repository
10.6084/m9.figshare.29124159.v1,figshare.ars,figshare Academic Research System,2025,Text,Additional file 1 of Adolescent Interpersonal Behaviours and Mental Health Across Two Swedish Cohorts: 15-Year Trends and One-Year Bidirectional Associations in a Mixed-Methods Study,figshare,2025-05-22T03:35:18Z,2025-05-22T03:35:19Z,0,,1,0,1,0,0,0,0,0,0,0,0,0,1,,,,,,,,,,,24,10.1186/s13034-025-00913-5,repository
10.6084/m9.figshare.c.7833234,figshare.ars,figshare Academic Research System,2025,Collection,Adolescent Interpersonal Behaviours and Mental Health Across Two Swedish Cohorts: 15-Year Trends and One-Year Bidirectional Associations in a Mixed-Methods Study,figshare,2025-05-22T03:35:18Z,2025-05-22T03:35:20Z,0,,1,0,1,0,0,0,0,0,0,0,0,0,1,1,,,OPEN,,,,,,,20,,repository
10.6084/m9.figshare.c.7833234.v1,figshare.ars,figshare Academic Research System,2025,Collection,Adolescent Interpersonal Behaviours and Mental Health Across Two Swedish Cohorts: 15-Year Trends and One-Year Bidirectional Associations in a Mixed-Methods Study,figshare,2025-05-22T03:35:19Z,2025-05-22T03:35:20Z,0,,1,0,1,0,0,0,0,0,0,0,0,0,1,1,,,OPEN,,,,,,,20,,repository
10.6084/m9.figshare.29376895,figshare.ars,figshare Academic Research System,2025,Text,Additional file 1 of Older persons’ experiences with wearable sensor-based fall risk screening in free-living conditions - a qualitative study,figshare,2025-06-22T03:15:31Z,2025-06-22T03:15:32Z,0,,1,0,1,0,0,0,0,0,0,0,0,0,1,,,,,,,,,,,20,10.1186/s12877-025-06100-7,repository
10.6084/m9.figshare.29376895.v1,figshare.ars,figshare Academic Research System,2025,Text,Additional file 1 of Older persons’ experiences with wearable sensor-based fall risk screening in free-living conditions - a qualitative study,figshare,2025-06-22T03:15:31Z,2025-06-22T03:15:32Z,0,,1,0,1,0,0,0,0,0,0,0,0,0,1,,,,,,,,,,,20,10.1186/s12877-025-06100-7,repository
10.6084/m9.figshare.c.7887541,figshare.ars,figshare Academic Research System,2025,Collection,Older persons’ experiences with wearable sensor-based fall risk screening in free-living conditions - a qualitative study,figshare,2025-06-22T03:15:32Z,2025-06-22T03:15:32Z,0,,1,0,1,0,0,0,0,0,0,0,0,0,1,1,,,OPEN,,,,,,,16,,repository
10.6084/m9.figshare.c.7887541.v1,figshare.ars,figshare Academic Research System,2025,Collection,Older persons’ experiences with wearable sensor-based fall risk screening in free-living conditions - a qualitative study,figshare,2025-06-22T03:15:32Z,2025-06-22T03:15:32Z,0,,1,0,1,0,0,0,0,0,0,0,0,0,1,1,,,OPEN,,,,,,,16,,repository
10.6084/m9.figshare.29388179,figshare.ars,figshare Academic Research System,2025,Text,Additional file 1 of Person-centred leadership in residential care for older people as described by first-line managers,figshare,2025-06-24T03:39:39Z,2025-11-01T05:05:17Z,0,,1,0,1,0,0,0,0,0,0,0,0,0,1,,,,,,,,,,,17,10.1186/s12912-025-03354-9,repository
10.6084/m9.figshare.29388179.v1,figshare.ars,figshare Academic Research System,2025,Text,Additional file 1 of Person-centred leadership in residential care for older people as described by first-line managers,figshare,2025-06-24T03:39:39Z,2025-11-01T05:05:17Z,0,,1,0,1,0,0,0,0,0,0,0,0,0,1,,,,,,,,,,,17,10.1186/s12912-025-03354-9,repository
10.6084/m9.figshare.c.7890188,figshare.ars,figshare Academic Research System,2025,Collection,Person-centred leadership in residential care for older people as described by first-line managers,figshare,2025-06-24T03:39:40Z,2025-11-01T05:05:18Z,0,,1,0,1,0,0,0,0,0,0,0,0,0,1,1,,,OPEN,,,,,,,13,,repository
10.6084/m9.figshare.c.7890188.v1,figshare.ars,figshare Academic Research System,2025,Collection,Person-centred leadership in residential care for older people as described by first-line managers,figshare,2025-06-24T03:39:40Z,2025-11-01T05:05:18Z,0,,1,0,1,0,0,0,0,0,0,0,0,0,1,1,,,OPEN,,,,,,,13,,repository
10.5281/zenodo.16642973,cern.zenodo,Zenodo,2025,Dataset,"Data set on ""Mapping the quality of Norwegian health information – is it sufficiently facilitating informed choices?""",Zenodo,2025-08-01T07:51:27Z,2025-08-01T07:52:52Z,0,,1,0,0,1,0,0,0,0,0,0,0,0,1,1,,,,,,,,,,17,,repository
10.5281/zenodo.16642974,cern.zenodo,Zenodo,2025,Dataset,"Data set on ""Mapping the quality of Norwegian health information – is it sufficiently facilitating informed choices?""",Zenodo,2025-08-01T07:51:27Z,2025-08-01T07:52:52Z,0,,1,0,1,0,0,0,0,0,0,0,0,0,1,1,,,,,,,,,,17,,repository
10.6084/m9.figshare.30184437,figshare.ars,figshare Academic Research System,2025,Text,Additional file 1 of Balancing care needs - a qualitative study on prehospital emergency nurses’ experiences of providing self-care advice and home referrals for frail older patients,figshare,2025-09-23T03:34:48Z,2025-09-23T03:34:50Z,0,,1,0,1,0,0,0,0,0,0,0,0,0,1,,,,,,,,,,,27,10.1186/s12873-025-01355-0,repository
10.6084/m9.figshare.30184437.v1,figshare.ars,figshare Academic Research System,2025,Text,Additional file 1 of Balancing care needs - a qualitative study on prehospital emergency nurses’ experiences of providing self-care advice and home referrals for frail older patients,figshare,2025-09-23T03:34:48Z,2025-09-23T03:34:50Z,0,,1,0,1,0,0,0,0,0,0,0,0,0,1,,,,,,,,,,,27,10.1186/s12873-025-01355-0,repository
10.6084/m9.figshare.30184440,figshare.ars,figshare Academic Research System,2025,Text,Additional file 2 of Balancing care needs - a qualitative study on prehospital emergency nurses’ experiences of providing self-care advice and home referrals for frail older patients,figshare,2025-09-23T03:34:49Z,2025-09-23T03:34:50Z,0,,1,0,1,0,0,0,0,0,0,0,0,0,1,,,,,,,,,,,27,10.1186/s12873-025-01355-0,repository
10.6084/m9.figshare.30184440.v1,figshare.ars,figshare Academic Research System,2025,Text,Additional file 2 of Balancing care needs - a qualitative study on prehospital emergency nurses’ experiences of providing self-care advice and home referrals for frail older patients,figshare,2025-09-23T03:34:49Z,2025-09-23T03:34:50Z,0,,1,0,1,0,0,0,0,0,0,0,0,0,1,,,,,,,,,,,27,10.1186/s12873-025-01355-0,repository
10.6084/m9.figshare.c.8048985,figshare.ars,figshare Academic Research System,2025,Collection,Balancing care needs - a qualitative study on prehospital emergency nurses’ experiences of providing self-care advice and home referrals for frail older patients,figshare,2025-09-23T03:34:50Z,2025-09-23T03:34:51Z,0,,1,0,1,0,0,0,0,0,0,0,0,0,1,,,,,,,,,,,23,,repository
10.6084/m9.figshare.c.8048985.v1,figshare.ars,figshare Academic Research System,2025,Collection,Balancing care needs - a qualitative study on prehospital emergency nurses’ experiences of providing self-care advice and home referrals for frail older patients,figshare,2025-09-23T03:34:50Z,2025-09-23T03:34:51Z,0,,1,0,1,0,0,0,0,0,0,0,0,0,1,,,,,,,,,,,23,,repository
10.5878/pama-e009,snd.snd,Swedish National Data Service,2025,Dataset,Nursing students self-assessments of SELC20+20 and learning methods,Kristianstad University,2025-09-25T11:00:48Z,2025-09-25T14:45:56Z,1,,1,1,1,0,0,0,0,0,0,0,0,0,1,,,,,,,,,,,8,10.1371/journal.pone.0330369,repository
10.5878/m0ff-ke30,snd.snd,Swedish National Data Service,2025,Dataset,Nursing students self-assessments of SELC20+20 and learning methods,Kristianstad University,2025-09-25T11:00:49Z,2025-09-25T14:45:57Z,1,,1,1,0,1,0,0,0,0,0,0,0,0,1,,,,,,,,,,,8,10.1371/journal.pone.0330369,repository
10.5878/w9wy-ak07,snd.snd,Swedish National Data Service,2025,Dataset,Data for Exploring the dimensionality of the positive youth development 5C very short form using Rasch measurement theory in Swedish upper secondary school contexts.,Kristianstad University,2025-11-17T14:43:20Z,2025-11-17T14:43:20Z,1,,0,0,1,0,0,0,0,0,0,0,0,0,1,,1,,,,,,https://openalex.org/W7105877735,0,0,24,,repository
10.5878/mp9z-8x57,snd.snd,Swedish National Data Service,2025,Dataset,Data for Exploring the dimensionality of the positive youth development 5C very short form using Rasch measurement theory in Swedish upper secondary school contexts.,Kristianstad University,2025-11-17T14:43:21Z,2025-11-17T14:43:21Z,1,,0,0,0,0,0,0,0,0,0,0,0,0,1,,1,,,,,,https://openalex.org/W7105895633,0,0,24,,repository
10.22541/au.158359724.47640793,,,2020,dataset,Effects of a standardized information booklet on patient anxiety and satisfaction with information at magnetic resonance imaging: a randomized single-blind placebo-controlled trail,Wiley,,,,,0,,,,0,0,0,0,0,0,0,0,,1,1,,OPEN,,,doi_________::098f3bea0a6c6f46953e0dbb88157d85,https://openalex.org/W3095180024,0,34,22,,
10.17182/hepdata.31727.v1/t6,,,2003,dataset,"""Table 6"" of ""Compton Scattering from the Deuteron and Extracted Neutron Polarizabilities""",HEPData,,,,,,,,,0,0,0,0,0,0,0,0,,1,,,,,,doi_________::325135ea14847d6ba275b9f100be77c6,,,,12,,
10.1037/e530022013-001,,,2004,dataset,Police Interviews With Victims And Suspects of Violent and Sexual Crimes; Interviewees' Experiences and Interview Outcomes,American Psychological Association (APA),,,,,0,,,,0,0,0,0,0,0,0,0,,1,1,,OPEN,,,doi_________::39cb6251a4794903eee52df9ee05fefc,https://openalex.org/W2144848027,22,115,16,,
10.17182/hepdata.31727.v1/t1,,,2003,dataset,"""Table 1"" of ""Compton Scattering from the Deuteron and Extracted Neutron Polarizabilities""",HEPData,,,,,,,,,0,0,0,0,0,0,0,0,,1,,,,,,doi_________::7f89f25bdf05678ed37ac6fdb250c71b,,,,12,,
10.17182/hepdata.31727.v1/t4,,,2003,dataset,"""Table 4"" of ""Compton Scattering from the Deuteron and Extracted Neutron Polarizabilities""",HEPData,,,,,,,,,0,0,0,0,0,0,0,0,,1,,,,,,doi_________::98e8d71c345a2ca07619d2d00905ddb3,,,,12,,
10.17182/hepdata.31727.v1/t5,,,2003,dataset,"""Table 5"" of ""Compton Scattering from the Deuteron and Extracted Neutron Polarizabilities""",HEPData,,,,,,,,,0,0,0,0,0,0,0,0,,1,,,,,,doi_________::c685c1bbec7b9bdc0f6bd67ec8282a04,,,,12,,
10.17182/hepdata.31727.v1/t3,,,2003,dataset,"""Table 3"" of ""Compton Scattering from the Deuteron and Extracted Neutron Polarizabilities""",HEPData,,,,,,,,,0,0,0,0,0,0,0,0,,1,,,,,,doi_________::e5806d5980b4f17719788915e50d37f9,,,,12,,
10.17182/hepdata.31727.v1/t2,,,2003,dataset,"""Table 2"" of ""Compton Scattering from the Deuteron and Extracted Neutron Polarizabilities""",HEPData,,,,,,,,,0,0,0,0,0,0,0,0,,1,,,,,,doi_________::f374d3b667e18fef8ad12275a7607af4,,,,12,,
10.17182/hepdata.31727,,,2003,dataset,Compton Scattering from the Deuteron and Extracted Neutron Polarizabilities,HEPData,,,,,,,,,0,0,0,0,0,0,0,0,,1,,,,,,doi_dedup___::52a3d08ec02967315f67ac6c8036e8a0,,,,9,,
